[{"team":"Arizona Diamondbacks","city":"Arizona","nickName":"Arizona","cityNickName":"Arizona"},{"team":"Atlanta Braves","city":"Atlanta","nickName":"Atlanta","cityNickName":"Atlanta"},{"team":"Baltimore Orioles","city":"Baltimore","nickName":"Baltimore","cityNickName":"Baltimore"},{"team":"Boston Red Sox","city":"Boston","nickName":"Boston","cityNickName":"Boston"},{"team":"Chicago Cubs","city":"Chicago","nickName":"Chi Cubs","cityNickName":"Chi Cubs"},{"team":"Chicago White Sox","city":"Chicago","nickName":"Chi Sox","cityNickName":"Chi Sox"},{"team":"Cincinnati Reds","city":"Cincinnati","nickName":"Cincinnati","cityNickName":"Cincinnati"},{"team":"Cleveland Indians","city":"Cleveland","nickName":"Cleveland","cityNickName":"Cleveland"},{"team":"Colorado Rockies","city":"Colorado","nickName":"Colorado","cityNickName":"Colorado"},{"team":"Detroit Tigers","city":"Detroit","nickName":"Detroit","cityNickName":"Detroit"},{"team":"Houston Astros","city":"Houston","nickName":"Houston","cityNickName":"Houston"},{"team":"Kansas City Royals","city":"Kansas City","nickName":"Kansas City","cityNickName":"Kansas City"},{"team":"Los Angeles Angels","city":"Los Angeles","nickName":"LA Angels","cityNickName":"LA Angels"},{"team":"Los Angeles Dodgers","city":"Los Angeles","nickName":"LA Dodgers","cityNickName":"LA Dodgers"},{"team":"Miami Marlins","city":"Miami","nickName":"Miami","cityNickName":"Miami"},{"team":"Milwaukee Brewers","city":"Milwaukee","nickName":"Milwaukee","cityNickName":"Milwaukee"},{"team":"Minnesota Twins","city":"Minnesota","nickName":"Minnesota","cityNickName":"Minnesota"},{"team":"New York Mets","city":"New York","nickName":"NY Mets","cityNickName":"NY Mets"},{"team":"New York Yankees","city":"New York","nickName":"NY Yankees","cityNickName":"NY Yankees"},{"team":"Oakland Athletics","city":"Oakland","nickName":"Oakland","cityNickName":"Oakland"},{"team":"Philadelphia Phillies","city":"Philadelphia","nickName":"Philadelphia","cityNickName":"Philadelphia"},{"team":"Pittsburgh Pirates","city":"Pittsburgh","nickName":"Pittsburgh","cityNickName":"Pittsburgh"},{"team":"San Francisco Giants","city":"San Francisco","nickName":"SF Giants","cityNickName":"SF Giants"},{"team":"San Diego Padres","city":"San Diego","nickName":"San Diego","cityNickName":"San Diego"},{"team":"Seattle Mariners","city":"Seattle","nickName":"Seattle","cityNickName":"Seattle"},{"team":"St. Louis Cardinals","city":"St. Louis","nickName":"St. Louis","cityNickName":"St. Louis"},{"team":"Tampa Bay Rays","city":"Tampa Bay","nickName":"Tampa Bay","cityNickName":"Tampa Bay"},{"team":"Texas Rangers","city":"Arlington","nickName":"Texas","cityNickName":"Texas"},{"team":"Toronto Blue Jays","city":"Toronto","nickName":"Toronto","cityNickName":"Toronto"},{"team":"Washington Nationals","city":"Washington","nickName":"Washington","cityNickName":"Washington"},{"team":"test","city":"test","nickName":"test","cityNickName":"test"},{"team":"Arizona","city":null,"nickName":null,"cityNickName":null}]