[
 {
  "Yearmon": "01-01-1913",
  "CPI": "9.8"
 },
 {
  "Yearmon": "01-02-1913",
  "CPI": "9.8"
 },
 {
  "Yearmon": "01-03-1913",
  "CPI": "9.8"
 },
 {
  "Yearmon": "01-04-1913",
  "CPI": "9.8"
 },
 {
  "Yearmon": "01-05-1913",
  "CPI": "9.7"
 },
 {
  "Yearmon": "01-06-1913",
  "CPI": "9.8"
 },
 {
  "Yearmon": "01-07-1913",
  "CPI": "9.9"
 },
 {
  "Yearmon": "01-08-1913",
  "CPI": "9.9"
 },
 {
  "Yearmon": "01-09-1913",
  "CPI": 10
 },
 {
  "Yearmon": "01-10-1913",
  "CPI": 10
 },
 {
  "Yearmon": "01-11-1913",
  "CPI": "10.1"
 },
 {
  "Yearmon": "01-12-1913",
  "CPI": 10
 },
 {
  "Yearmon": "01-01-1914",
  "CPI": 10
 },
 {
  "Yearmon": "01-02-1914",
  "CPI": "9.9"
 },
 {
  "Yearmon": "01-03-1914",
  "CPI": "9.9"
 },
 {
  "Yearmon": "01-04-1914",
  "CPI": "9.8"
 },
 {
  "Yearmon": "01-05-1914",
  "CPI": "9.9"
 },
 {
  "Yearmon": "01-06-1914",
  "CPI": "9.9"
 },
 {
  "Yearmon": "01-07-1914",
  "CPI": 10
 },
 {
  "Yearmon": "01-08-1914",
  "CPI": "10.2"
 },
 {
  "Yearmon": "01-09-1914",
  "CPI": "10.2"
 },
 {
  "Yearmon": "01-10-1914",
  "CPI": "10.1"
 },
 {
  "Yearmon": "01-11-1914",
  "CPI": "10.2"
 },
 {
  "Yearmon": "01-12-1914",
  "CPI": "10.1"
 },
 {
  "Yearmon": "01-01-1915",
  "CPI": "10.1"
 },
 {
  "Yearmon": "01-02-1915",
  "CPI": 10
 },
 {
  "Yearmon": "01-03-1915",
  "CPI": "9.9"
 },
 {
  "Yearmon": "01-04-1915",
  "CPI": 10
 },
 {
  "Yearmon": "01-05-1915",
  "CPI": "10.1"
 },
 {
  "Yearmon": "01-06-1915",
  "CPI": "10.1"
 },
 {
  "Yearmon": "01-07-1915",
  "CPI": "10.1"
 },
 {
  "Yearmon": "01-08-1915",
  "CPI": "10.1"
 },
 {
  "Yearmon": "01-09-1915",
  "CPI": "10.1"
 },
 {
  "Yearmon": "01-10-1915",
  "CPI": "10.2"
 },
 {
  "Yearmon": "01-11-1915",
  "CPI": "10.3"
 },
 {
  "Yearmon": "01-12-1915",
  "CPI": "10.3"
 },
 {
  "Yearmon": "01-01-1916",
  "CPI": "10.4"
 },
 {
  "Yearmon": "01-02-1916",
  "CPI": "10.4"
 },
 {
  "Yearmon": "01-03-1916",
  "CPI": "10.5"
 },
 {
  "Yearmon": "01-04-1916",
  "CPI": "10.6"
 },
 {
  "Yearmon": "01-05-1916",
  "CPI": "10.7"
 },
 {
  "Yearmon": "01-06-1916",
  "CPI": "10.8"
 },
 {
  "Yearmon": "01-07-1916",
  "CPI": "10.8"
 },
 {
  "Yearmon": "01-08-1916",
  "CPI": "10.9"
 },
 {
  "Yearmon": "01-09-1916",
  "CPI": "11.1"
 },
 {
  "Yearmon": "01-10-1916",
  "CPI": "11.3"
 },
 {
  "Yearmon": "01-11-1916",
  "CPI": "11.5"
 },
 {
  "Yearmon": "01-12-1916",
  "CPI": "11.6"
 },
 {
  "Yearmon": "01-01-1917",
  "CPI": "11.7"
 },
 {
  "Yearmon": "01-02-1917",
  "CPI": 12
 },
 {
  "Yearmon": "01-03-1917",
  "CPI": 12
 },
 {
  "Yearmon": "01-04-1917",
  "CPI": "12.6"
 },
 {
  "Yearmon": "01-05-1917",
  "CPI": "12.8"
 },
 {
  "Yearmon": "01-06-1917",
  "CPI": 13
 },
 {
  "Yearmon": "01-07-1917",
  "CPI": "12.8"
 },
 {
  "Yearmon": "01-08-1917",
  "CPI": 13
 },
 {
  "Yearmon": "01-09-1917",
  "CPI": "13.3"
 },
 {
  "Yearmon": "01-10-1917",
  "CPI": "13.5"
 },
 {
  "Yearmon": "01-11-1917",
  "CPI": "13.5"
 },
 {
  "Yearmon": "01-12-1917",
  "CPI": "13.7"
 },
 {
  "Yearmon": "01-01-1918",
  "CPI": 14
 },
 {
  "Yearmon": "01-02-1918",
  "CPI": "14.1"
 },
 {
  "Yearmon": "01-03-1918",
  "CPI": 14
 },
 {
  "Yearmon": "01-04-1918",
  "CPI": "14.2"
 },
 {
  "Yearmon": "01-05-1918",
  "CPI": "14.5"
 },
 {
  "Yearmon": "01-06-1918",
  "CPI": "14.7"
 },
 {
  "Yearmon": "01-07-1918",
  "CPI": "15.1"
 },
 {
  "Yearmon": "01-08-1918",
  "CPI": "15.4"
 },
 {
  "Yearmon": "01-09-1918",
  "CPI": "15.7"
 },
 {
  "Yearmon": "01-10-1918",
  "CPI": 16
 },
 {
  "Yearmon": "01-11-1918",
  "CPI": "16.3"
 },
 {
  "Yearmon": "01-12-1918",
  "CPI": "16.5"
 },
 {
  "Yearmon": "01-01-1919",
  "CPI": "16.5"
 },
 {
  "Yearmon": "01-02-1919",
  "CPI": "16.2"
 },
 {
  "Yearmon": "01-03-1919",
  "CPI": "16.4"
 },
 {
  "Yearmon": "01-04-1919",
  "CPI": "16.7"
 },
 {
  "Yearmon": "01-05-1919",
  "CPI": "16.9"
 },
 {
  "Yearmon": "01-06-1919",
  "CPI": "16.9"
 },
 {
  "Yearmon": "01-07-1919",
  "CPI": "17.4"
 },
 {
  "Yearmon": "01-08-1919",
  "CPI": "17.7"
 },
 {
  "Yearmon": "01-09-1919",
  "CPI": "17.8"
 },
 {
  "Yearmon": "01-10-1919",
  "CPI": "18.1"
 },
 {
  "Yearmon": "01-11-1919",
  "CPI": "18.5"
 },
 {
  "Yearmon": "01-12-1919",
  "CPI": "18.9"
 },
 {
  "Yearmon": "01-01-1920",
  "CPI": "19.3"
 },
 {
  "Yearmon": "01-02-1920",
  "CPI": "19.5"
 },
 {
  "Yearmon": "01-03-1920",
  "CPI": "19.7"
 },
 {
  "Yearmon": "01-04-1920",
  "CPI": "20.3"
 },
 {
  "Yearmon": "01-05-1920",
  "CPI": "20.6"
 },
 {
  "Yearmon": "01-06-1920",
  "CPI": "20.9"
 },
 {
  "Yearmon": "01-07-1920",
  "CPI": "20.8"
 },
 {
  "Yearmon": "01-08-1920",
  "CPI": "20.3"
 },
 {
  "Yearmon": "01-09-1920",
  "CPI": 20
 },
 {
  "Yearmon": "01-10-1920",
  "CPI": "19.9"
 },
 {
  "Yearmon": "01-11-1920",
  "CPI": "19.8"
 },
 {
  "Yearmon": "01-12-1920",
  "CPI": "19.4"
 },
 {
  "Yearmon": "01-01-1921",
  "CPI": 19
 },
 {
  "Yearmon": "01-02-1921",
  "CPI": "18.4"
 },
 {
  "Yearmon": "01-03-1921",
  "CPI": "18.3"
 },
 {
  "Yearmon": "01-04-1921",
  "CPI": "18.1"
 },
 {
  "Yearmon": "01-05-1921",
  "CPI": "17.7"
 },
 {
  "Yearmon": "01-06-1921",
  "CPI": "17.6"
 },
 {
  "Yearmon": "01-07-1921",
  "CPI": "17.7"
 },
 {
  "Yearmon": "01-08-1921",
  "CPI": "17.7"
 },
 {
  "Yearmon": "01-09-1921",
  "CPI": "17.5"
 },
 {
  "Yearmon": "01-10-1921",
  "CPI": "17.5"
 },
 {
  "Yearmon": "01-11-1921",
  "CPI": "17.4"
 },
 {
  "Yearmon": "01-12-1921",
  "CPI": "17.3"
 },
 {
  "Yearmon": "01-01-1922",
  "CPI": "16.9"
 },
 {
  "Yearmon": "01-02-1922",
  "CPI": "16.9"
 },
 {
  "Yearmon": "01-03-1922",
  "CPI": "16.7"
 },
 {
  "Yearmon": "01-04-1922",
  "CPI": "16.7"
 },
 {
  "Yearmon": "01-05-1922",
  "CPI": "16.7"
 },
 {
  "Yearmon": "01-06-1922",
  "CPI": "16.7"
 },
 {
  "Yearmon": "01-07-1922",
  "CPI": "16.8"
 },
 {
  "Yearmon": "01-08-1922",
  "CPI": "16.6"
 },
 {
  "Yearmon": "01-09-1922",
  "CPI": "16.6"
 },
 {
  "Yearmon": "01-10-1922",
  "CPI": "16.7"
 },
 {
  "Yearmon": "01-11-1922",
  "CPI": "16.8"
 },
 {
  "Yearmon": "01-12-1922",
  "CPI": "16.9"
 },
 {
  "Yearmon": "01-01-1923",
  "CPI": "16.8"
 },
 {
  "Yearmon": "01-02-1923",
  "CPI": "16.8"
 },
 {
  "Yearmon": "01-03-1923",
  "CPI": "16.8"
 },
 {
  "Yearmon": "01-04-1923",
  "CPI": "16.9"
 },
 {
  "Yearmon": "01-05-1923",
  "CPI": "16.9"
 },
 {
  "Yearmon": "01-06-1923",
  "CPI": 17
 },
 {
  "Yearmon": "01-07-1923",
  "CPI": "17.2"
 },
 {
  "Yearmon": "01-08-1923",
  "CPI": "17.1"
 },
 {
  "Yearmon": "01-09-1923",
  "CPI": "17.2"
 },
 {
  "Yearmon": "01-10-1923",
  "CPI": "17.3"
 },
 {
  "Yearmon": "01-11-1923",
  "CPI": "17.3"
 },
 {
  "Yearmon": "01-12-1923",
  "CPI": "17.3"
 },
 {
  "Yearmon": "01-01-1924",
  "CPI": "17.3"
 },
 {
  "Yearmon": "01-02-1924",
  "CPI": "17.2"
 },
 {
  "Yearmon": "01-03-1924",
  "CPI": "17.1"
 },
 {
  "Yearmon": "01-04-1924",
  "CPI": 17
 },
 {
  "Yearmon": "01-05-1924",
  "CPI": 17
 },
 {
  "Yearmon": "01-06-1924",
  "CPI": 17
 },
 {
  "Yearmon": "01-07-1924",
  "CPI": "17.1"
 },
 {
  "Yearmon": "01-08-1924",
  "CPI": 17
 },
 {
  "Yearmon": "01-09-1924",
  "CPI": "17.1"
 },
 {
  "Yearmon": "01-10-1924",
  "CPI": "17.2"
 },
 {
  "Yearmon": "01-11-1924",
  "CPI": "17.2"
 },
 {
  "Yearmon": "01-12-1924",
  "CPI": "17.3"
 },
 {
  "Yearmon": "01-01-1925",
  "CPI": "17.3"
 },
 {
  "Yearmon": "01-02-1925",
  "CPI": "17.2"
 },
 {
  "Yearmon": "01-03-1925",
  "CPI": "17.3"
 },
 {
  "Yearmon": "01-04-1925",
  "CPI": "17.2"
 },
 {
  "Yearmon": "01-05-1925",
  "CPI": "17.3"
 },
 {
  "Yearmon": "01-06-1925",
  "CPI": "17.5"
 },
 {
  "Yearmon": "01-07-1925",
  "CPI": "17.7"
 },
 {
  "Yearmon": "01-08-1925",
  "CPI": "17.7"
 },
 {
  "Yearmon": "01-09-1925",
  "CPI": "17.7"
 },
 {
  "Yearmon": "01-10-1925",
  "CPI": "17.7"
 },
 {
  "Yearmon": "01-11-1925",
  "CPI": 18
 },
 {
  "Yearmon": "01-12-1925",
  "CPI": "17.9"
 },
 {
  "Yearmon": "01-01-1926",
  "CPI": "17.9"
 },
 {
  "Yearmon": "01-02-1926",
  "CPI": "17.9"
 },
 {
  "Yearmon": "01-03-1926",
  "CPI": "17.8"
 },
 {
  "Yearmon": "01-04-1926",
  "CPI": "17.9"
 },
 {
  "Yearmon": "01-05-1926",
  "CPI": "17.8"
 },
 {
  "Yearmon": "01-06-1926",
  "CPI": "17.7"
 },
 {
  "Yearmon": "01-07-1926",
  "CPI": "17.5"
 },
 {
  "Yearmon": "01-08-1926",
  "CPI": "17.4"
 },
 {
  "Yearmon": "01-09-1926",
  "CPI": "17.5"
 },
 {
  "Yearmon": "01-10-1926",
  "CPI": "17.6"
 },
 {
  "Yearmon": "01-11-1926",
  "CPI": "17.7"
 },
 {
  "Yearmon": "01-12-1926",
  "CPI": "17.7"
 },
 {
  "Yearmon": "01-01-1927",
  "CPI": "17.5"
 },
 {
  "Yearmon": "01-02-1927",
  "CPI": "17.4"
 },
 {
  "Yearmon": "01-03-1927",
  "CPI": "17.3"
 },
 {
  "Yearmon": "01-04-1927",
  "CPI": "17.3"
 },
 {
  "Yearmon": "01-05-1927",
  "CPI": "17.4"
 },
 {
  "Yearmon": "01-06-1927",
  "CPI": "17.6"
 },
 {
  "Yearmon": "01-07-1927",
  "CPI": "17.3"
 },
 {
  "Yearmon": "01-08-1927",
  "CPI": "17.2"
 },
 {
  "Yearmon": "01-09-1927",
  "CPI": "17.3"
 },
 {
  "Yearmon": "01-10-1927",
  "CPI": "17.4"
 },
 {
  "Yearmon": "01-11-1927",
  "CPI": "17.3"
 },
 {
  "Yearmon": "01-12-1927",
  "CPI": "17.3"
 },
 {
  "Yearmon": "01-01-1928",
  "CPI": "17.3"
 },
 {
  "Yearmon": "01-02-1928",
  "CPI": "17.1"
 },
 {
  "Yearmon": "01-03-1928",
  "CPI": "17.1"
 },
 {
  "Yearmon": "01-04-1928",
  "CPI": "17.1"
 },
 {
  "Yearmon": "01-05-1928",
  "CPI": "17.2"
 },
 {
  "Yearmon": "01-06-1928",
  "CPI": "17.1"
 },
 {
  "Yearmon": "01-07-1928",
  "CPI": "17.1"
 },
 {
  "Yearmon": "01-08-1928",
  "CPI": "17.1"
 },
 {
  "Yearmon": "01-09-1928",
  "CPI": "17.3"
 },
 {
  "Yearmon": "01-10-1928",
  "CPI": "17.2"
 },
 {
  "Yearmon": "01-11-1928",
  "CPI": "17.2"
 },
 {
  "Yearmon": "01-12-1928",
  "CPI": "17.1"
 },
 {
  "Yearmon": "01-01-1929",
  "CPI": "17.1"
 },
 {
  "Yearmon": "01-02-1929",
  "CPI": "17.1"
 },
 {
  "Yearmon": "01-03-1929",
  "CPI": 17
 },
 {
  "Yearmon": "01-04-1929",
  "CPI": "16.9"
 },
 {
  "Yearmon": "01-05-1929",
  "CPI": 17
 },
 {
  "Yearmon": "01-06-1929",
  "CPI": "17.1"
 },
 {
  "Yearmon": "01-07-1929",
  "CPI": "17.3"
 },
 {
  "Yearmon": "01-08-1929",
  "CPI": "17.3"
 },
 {
  "Yearmon": "01-09-1929",
  "CPI": "17.3"
 },
 {
  "Yearmon": "01-10-1929",
  "CPI": "17.3"
 },
 {
  "Yearmon": "01-11-1929",
  "CPI": "17.3"
 },
 {
  "Yearmon": "01-12-1929",
  "CPI": "17.2"
 },
 {
  "Yearmon": "01-01-1930",
  "CPI": "17.1"
 },
 {
  "Yearmon": "01-02-1930",
  "CPI": 17
 },
 {
  "Yearmon": "01-03-1930",
  "CPI": "16.9"
 },
 {
  "Yearmon": "01-04-1930",
  "CPI": 17
 },
 {
  "Yearmon": "01-05-1930",
  "CPI": "16.9"
 },
 {
  "Yearmon": "01-06-1930",
  "CPI": "16.8"
 },
 {
  "Yearmon": "01-07-1930",
  "CPI": "16.6"
 },
 {
  "Yearmon": "01-08-1930",
  "CPI": "16.5"
 },
 {
  "Yearmon": "01-09-1930",
  "CPI": "16.6"
 },
 {
  "Yearmon": "01-10-1930",
  "CPI": "16.5"
 },
 {
  "Yearmon": "01-11-1930",
  "CPI": "16.4"
 },
 {
  "Yearmon": "01-12-1930",
  "CPI": "16.1"
 },
 {
  "Yearmon": "01-01-1931",
  "CPI": "15.9"
 },
 {
  "Yearmon": "01-02-1931",
  "CPI": "15.7"
 },
 {
  "Yearmon": "01-03-1931",
  "CPI": "15.6"
 },
 {
  "Yearmon": "01-04-1931",
  "CPI": "15.5"
 },
 {
  "Yearmon": "01-05-1931",
  "CPI": "15.3"
 },
 {
  "Yearmon": "01-06-1931",
  "CPI": "15.1"
 },
 {
  "Yearmon": "01-07-1931",
  "CPI": "15.1"
 },
 {
  "Yearmon": "01-08-1931",
  "CPI": "15.1"
 },
 {
  "Yearmon": "01-09-1931",
  "CPI": 15
 },
 {
  "Yearmon": "01-10-1931",
  "CPI": "14.9"
 },
 {
  "Yearmon": "01-11-1931",
  "CPI": "14.7"
 },
 {
  "Yearmon": "01-12-1931",
  "CPI": "14.6"
 },
 {
  "Yearmon": "01-01-1932",
  "CPI": "14.3"
 },
 {
  "Yearmon": "01-02-1932",
  "CPI": "14.1"
 },
 {
  "Yearmon": "01-03-1932",
  "CPI": 14
 },
 {
  "Yearmon": "01-04-1932",
  "CPI": "13.9"
 },
 {
  "Yearmon": "01-05-1932",
  "CPI": "13.7"
 },
 {
  "Yearmon": "01-06-1932",
  "CPI": "13.6"
 },
 {
  "Yearmon": "01-07-1932",
  "CPI": "13.6"
 },
 {
  "Yearmon": "01-08-1932",
  "CPI": "13.5"
 },
 {
  "Yearmon": "01-09-1932",
  "CPI": "13.4"
 },
 {
  "Yearmon": "01-10-1932",
  "CPI": "13.3"
 },
 {
  "Yearmon": "01-11-1932",
  "CPI": "13.2"
 },
 {
  "Yearmon": "01-12-1932",
  "CPI": "13.1"
 },
 {
  "Yearmon": "01-01-1933",
  "CPI": "12.9"
 },
 {
  "Yearmon": "01-02-1933",
  "CPI": "12.7"
 },
 {
  "Yearmon": "01-03-1933",
  "CPI": "12.6"
 },
 {
  "Yearmon": "01-04-1933",
  "CPI": "12.6"
 },
 {
  "Yearmon": "01-05-1933",
  "CPI": "12.6"
 },
 {
  "Yearmon": "01-06-1933",
  "CPI": "12.7"
 },
 {
  "Yearmon": "01-07-1933",
  "CPI": "13.1"
 },
 {
  "Yearmon": "01-08-1933",
  "CPI": "13.2"
 },
 {
  "Yearmon": "01-09-1933",
  "CPI": "13.2"
 },
 {
  "Yearmon": "01-10-1933",
  "CPI": "13.2"
 },
 {
  "Yearmon": "01-11-1933",
  "CPI": "13.2"
 },
 {
  "Yearmon": "01-12-1933",
  "CPI": "13.2"
 },
 {
  "Yearmon": "01-01-1934",
  "CPI": "13.2"
 },
 {
  "Yearmon": "01-02-1934",
  "CPI": "13.3"
 },
 {
  "Yearmon": "01-03-1934",
  "CPI": "13.3"
 },
 {
  "Yearmon": "01-04-1934",
  "CPI": "13.3"
 },
 {
  "Yearmon": "01-05-1934",
  "CPI": "13.3"
 },
 {
  "Yearmon": "01-06-1934",
  "CPI": "13.4"
 },
 {
  "Yearmon": "01-07-1934",
  "CPI": "13.4"
 },
 {
  "Yearmon": "01-08-1934",
  "CPI": "13.4"
 },
 {
  "Yearmon": "01-09-1934",
  "CPI": "13.6"
 },
 {
  "Yearmon": "01-10-1934",
  "CPI": "13.5"
 },
 {
  "Yearmon": "01-11-1934",
  "CPI": "13.5"
 },
 {
  "Yearmon": "01-12-1934",
  "CPI": "13.4"
 },
 {
  "Yearmon": "01-01-1935",
  "CPI": "13.6"
 },
 {
  "Yearmon": "01-02-1935",
  "CPI": "13.7"
 },
 {
  "Yearmon": "01-03-1935",
  "CPI": "13.7"
 },
 {
  "Yearmon": "01-04-1935",
  "CPI": "13.8"
 },
 {
  "Yearmon": "01-05-1935",
  "CPI": "13.8"
 },
 {
  "Yearmon": "01-06-1935",
  "CPI": "13.7"
 },
 {
  "Yearmon": "01-07-1935",
  "CPI": "13.7"
 },
 {
  "Yearmon": "01-08-1935",
  "CPI": "13.7"
 },
 {
  "Yearmon": "01-09-1935",
  "CPI": "13.7"
 },
 {
  "Yearmon": "01-10-1935",
  "CPI": "13.7"
 },
 {
  "Yearmon": "01-11-1935",
  "CPI": "13.8"
 },
 {
  "Yearmon": "01-12-1935",
  "CPI": "13.8"
 },
 {
  "Yearmon": "01-01-1936",
  "CPI": "13.8"
 },
 {
  "Yearmon": "01-02-1936",
  "CPI": "13.8"
 },
 {
  "Yearmon": "01-03-1936",
  "CPI": "13.7"
 },
 {
  "Yearmon": "01-04-1936",
  "CPI": "13.7"
 },
 {
  "Yearmon": "01-05-1936",
  "CPI": "13.7"
 },
 {
  "Yearmon": "01-06-1936",
  "CPI": "13.8"
 },
 {
  "Yearmon": "01-07-1936",
  "CPI": "13.9"
 },
 {
  "Yearmon": "01-08-1936",
  "CPI": 14
 },
 {
  "Yearmon": "01-09-1936",
  "CPI": 14
 },
 {
  "Yearmon": "01-10-1936",
  "CPI": 14
 },
 {
  "Yearmon": "01-11-1936",
  "CPI": 14
 },
 {
  "Yearmon": "01-12-1936",
  "CPI": 14
 },
 {
  "Yearmon": "01-01-1937",
  "CPI": "14.1"
 },
 {
  "Yearmon": "01-02-1937",
  "CPI": "14.1"
 },
 {
  "Yearmon": "01-03-1937",
  "CPI": "14.2"
 },
 {
  "Yearmon": "01-04-1937",
  "CPI": "14.3"
 },
 {
  "Yearmon": "01-05-1937",
  "CPI": "14.4"
 },
 {
  "Yearmon": "01-06-1937",
  "CPI": "14.4"
 },
 {
  "Yearmon": "01-07-1937",
  "CPI": "14.5"
 },
 {
  "Yearmon": "01-08-1937",
  "CPI": "14.5"
 },
 {
  "Yearmon": "01-09-1937",
  "CPI": "14.6"
 },
 {
  "Yearmon": "01-10-1937",
  "CPI": "14.6"
 },
 {
  "Yearmon": "01-11-1937",
  "CPI": "14.5"
 },
 {
  "Yearmon": "01-12-1937",
  "CPI": "14.4"
 },
 {
  "Yearmon": "01-01-1938",
  "CPI": "14.2"
 },
 {
  "Yearmon": "01-02-1938",
  "CPI": "14.1"
 },
 {
  "Yearmon": "01-03-1938",
  "CPI": "14.1"
 },
 {
  "Yearmon": "01-04-1938",
  "CPI": "14.2"
 },
 {
  "Yearmon": "01-05-1938",
  "CPI": "14.1"
 },
 {
  "Yearmon": "01-06-1938",
  "CPI": "14.1"
 },
 {
  "Yearmon": "01-07-1938",
  "CPI": "14.1"
 },
 {
  "Yearmon": "01-08-1938",
  "CPI": "14.1"
 },
 {
  "Yearmon": "01-09-1938",
  "CPI": "14.1"
 },
 {
  "Yearmon": "01-10-1938",
  "CPI": 14
 },
 {
  "Yearmon": "01-11-1938",
  "CPI": 14
 },
 {
  "Yearmon": "01-12-1938",
  "CPI": 14
 },
 {
  "Yearmon": "01-01-1939",
  "CPI": 14
 },
 {
  "Yearmon": "01-02-1939",
  "CPI": "13.9"
 },
 {
  "Yearmon": "01-03-1939",
  "CPI": "13.9"
 },
 {
  "Yearmon": "01-04-1939",
  "CPI": "13.8"
 },
 {
  "Yearmon": "01-05-1939",
  "CPI": "13.8"
 },
 {
  "Yearmon": "01-06-1939",
  "CPI": "13.8"
 },
 {
  "Yearmon": "01-07-1939",
  "CPI": "13.8"
 },
 {
  "Yearmon": "01-08-1939",
  "CPI": "13.8"
 },
 {
  "Yearmon": "01-09-1939",
  "CPI": "14.1"
 },
 {
  "Yearmon": "01-10-1939",
  "CPI": 14
 },
 {
  "Yearmon": "01-11-1939",
  "CPI": 14
 },
 {
  "Yearmon": "01-12-1939",
  "CPI": 14
 },
 {
  "Yearmon": "01-01-1940",
  "CPI": "13.9"
 },
 {
  "Yearmon": "01-02-1940",
  "CPI": 14
 },
 {
  "Yearmon": "01-03-1940",
  "CPI": 14
 },
 {
  "Yearmon": "01-04-1940",
  "CPI": 14
 },
 {
  "Yearmon": "01-05-1940",
  "CPI": 14
 },
 {
  "Yearmon": "01-06-1940",
  "CPI": "14.1"
 },
 {
  "Yearmon": "01-07-1940",
  "CPI": 14
 },
 {
  "Yearmon": "01-08-1940",
  "CPI": 14
 },
 {
  "Yearmon": "01-09-1940",
  "CPI": 14
 },
 {
  "Yearmon": "01-10-1940",
  "CPI": 14
 },
 {
  "Yearmon": "01-11-1940",
  "CPI": 14
 },
 {
  "Yearmon": "01-12-1940",
  "CPI": "14.1"
 },
 {
  "Yearmon": "01-01-1941",
  "CPI": "14.1"
 },
 {
  "Yearmon": "01-02-1941",
  "CPI": "14.1"
 },
 {
  "Yearmon": "01-03-1941",
  "CPI": "14.2"
 },
 {
  "Yearmon": "01-04-1941",
  "CPI": "14.3"
 },
 {
  "Yearmon": "01-05-1941",
  "CPI": "14.4"
 },
 {
  "Yearmon": "01-06-1941",
  "CPI": "14.7"
 },
 {
  "Yearmon": "01-07-1941",
  "CPI": "14.7"
 },
 {
  "Yearmon": "01-08-1941",
  "CPI": "14.9"
 },
 {
  "Yearmon": "01-09-1941",
  "CPI": "15.1"
 },
 {
  "Yearmon": "01-10-1941",
  "CPI": "15.3"
 },
 {
  "Yearmon": "01-11-1941",
  "CPI": "15.4"
 },
 {
  "Yearmon": "01-12-1941",
  "CPI": "15.5"
 },
 {
  "Yearmon": "01-01-1942",
  "CPI": "15.7"
 },
 {
  "Yearmon": "01-02-1942",
  "CPI": "15.8"
 },
 {
  "Yearmon": "01-03-1942",
  "CPI": 16
 },
 {
  "Yearmon": "01-04-1942",
  "CPI": "16.1"
 },
 {
  "Yearmon": "01-05-1942",
  "CPI": "16.3"
 },
 {
  "Yearmon": "01-06-1942",
  "CPI": "16.3"
 },
 {
  "Yearmon": "01-07-1942",
  "CPI": "16.4"
 },
 {
  "Yearmon": "01-08-1942",
  "CPI": "16.5"
 },
 {
  "Yearmon": "01-09-1942",
  "CPI": "16.5"
 },
 {
  "Yearmon": "01-10-1942",
  "CPI": "16.7"
 },
 {
  "Yearmon": "01-11-1942",
  "CPI": "16.8"
 },
 {
  "Yearmon": "01-12-1942",
  "CPI": "16.9"
 },
 {
  "Yearmon": "01-01-1943",
  "CPI": "16.9"
 },
 {
  "Yearmon": "01-02-1943",
  "CPI": "16.9"
 },
 {
  "Yearmon": "01-03-1943",
  "CPI": "17.2"
 },
 {
  "Yearmon": "01-04-1943",
  "CPI": "17.4"
 },
 {
  "Yearmon": "01-05-1943",
  "CPI": "17.5"
 },
 {
  "Yearmon": "01-06-1943",
  "CPI": "17.5"
 },
 {
  "Yearmon": "01-07-1943",
  "CPI": "17.4"
 },
 {
  "Yearmon": "01-08-1943",
  "CPI": "17.3"
 },
 {
  "Yearmon": "01-09-1943",
  "CPI": "17.4"
 },
 {
  "Yearmon": "01-10-1943",
  "CPI": "17.4"
 },
 {
  "Yearmon": "01-11-1943",
  "CPI": "17.4"
 },
 {
  "Yearmon": "01-12-1943",
  "CPI": "17.4"
 },
 {
  "Yearmon": "01-01-1944",
  "CPI": "17.4"
 },
 {
  "Yearmon": "01-02-1944",
  "CPI": "17.4"
 },
 {
  "Yearmon": "01-03-1944",
  "CPI": "17.4"
 },
 {
  "Yearmon": "01-04-1944",
  "CPI": "17.5"
 },
 {
  "Yearmon": "01-05-1944",
  "CPI": "17.5"
 },
 {
  "Yearmon": "01-06-1944",
  "CPI": "17.6"
 },
 {
  "Yearmon": "01-07-1944",
  "CPI": "17.7"
 },
 {
  "Yearmon": "01-08-1944",
  "CPI": "17.7"
 },
 {
  "Yearmon": "01-09-1944",
  "CPI": "17.7"
 },
 {
  "Yearmon": "01-10-1944",
  "CPI": "17.7"
 },
 {
  "Yearmon": "01-11-1944",
  "CPI": "17.7"
 },
 {
  "Yearmon": "01-12-1944",
  "CPI": "17.8"
 },
 {
  "Yearmon": "01-01-1945",
  "CPI": "17.8"
 },
 {
  "Yearmon": "01-02-1945",
  "CPI": "17.8"
 },
 {
  "Yearmon": "01-03-1945",
  "CPI": "17.8"
 },
 {
  "Yearmon": "01-04-1945",
  "CPI": "17.8"
 },
 {
  "Yearmon": "01-05-1945",
  "CPI": "17.9"
 },
 {
  "Yearmon": "01-06-1945",
  "CPI": "18.1"
 },
 {
  "Yearmon": "01-07-1945",
  "CPI": "18.1"
 },
 {
  "Yearmon": "01-08-1945",
  "CPI": "18.1"
 },
 {
  "Yearmon": "01-09-1945",
  "CPI": "18.1"
 },
 {
  "Yearmon": "01-10-1945",
  "CPI": "18.1"
 },
 {
  "Yearmon": "01-11-1945",
  "CPI": "18.1"
 },
 {
  "Yearmon": "01-12-1945",
  "CPI": "18.2"
 },
 {
  "Yearmon": "01-01-1946",
  "CPI": "18.2"
 },
 {
  "Yearmon": "01-02-1946",
  "CPI": "18.1"
 },
 {
  "Yearmon": "01-03-1946",
  "CPI": "18.3"
 },
 {
  "Yearmon": "01-04-1946",
  "CPI": "18.4"
 },
 {
  "Yearmon": "01-05-1946",
  "CPI": "18.5"
 },
 {
  "Yearmon": "01-06-1946",
  "CPI": "18.7"
 },
 {
  "Yearmon": "01-07-1946",
  "CPI": "19.8"
 },
 {
  "Yearmon": "01-08-1946",
  "CPI": "20.2"
 },
 {
  "Yearmon": "01-09-1946",
  "CPI": "20.4"
 },
 {
  "Yearmon": "01-10-1946",
  "CPI": "20.8"
 },
 {
  "Yearmon": "01-11-1946",
  "CPI": "21.3"
 },
 {
  "Yearmon": "01-12-1946",
  "CPI": "21.5"
 },
 {
  "Yearmon": "01-01-1947",
  "CPI": "21.5"
 },
 {
  "Yearmon": "01-02-1947",
  "CPI": "21.5"
 },
 {
  "Yearmon": "01-03-1947",
  "CPI": "21.9"
 },
 {
  "Yearmon": "01-04-1947",
  "CPI": "21.9"
 },
 {
  "Yearmon": "01-05-1947",
  "CPI": "21.9"
 },
 {
  "Yearmon": "01-06-1947",
  "CPI": 22
 },
 {
  "Yearmon": "01-07-1947",
  "CPI": "22.2"
 },
 {
  "Yearmon": "01-08-1947",
  "CPI": "22.5"
 },
 {
  "Yearmon": "01-09-1947",
  "CPI": 23
 },
 {
  "Yearmon": "01-10-1947",
  "CPI": 23
 },
 {
  "Yearmon": "01-11-1947",
  "CPI": "23.1"
 },
 {
  "Yearmon": "01-12-1947",
  "CPI": "23.4"
 },
 {
  "Yearmon": "01-01-1948",
  "CPI": "23.7"
 },
 {
  "Yearmon": "01-02-1948",
  "CPI": "23.5"
 },
 {
  "Yearmon": "01-03-1948",
  "CPI": "23.4"
 },
 {
  "Yearmon": "01-04-1948",
  "CPI": "23.8"
 },
 {
  "Yearmon": "01-05-1948",
  "CPI": "23.9"
 },
 {
  "Yearmon": "01-06-1948",
  "CPI": "24.1"
 },
 {
  "Yearmon": "01-07-1948",
  "CPI": "24.4"
 },
 {
  "Yearmon": "01-08-1948",
  "CPI": "24.5"
 },
 {
  "Yearmon": "01-09-1948",
  "CPI": "24.5"
 },
 {
  "Yearmon": "01-10-1948",
  "CPI": "24.4"
 },
 {
  "Yearmon": "01-11-1948",
  "CPI": "24.2"
 },
 {
  "Yearmon": "01-12-1948",
  "CPI": "24.1"
 },
 {
  "Yearmon": "01-01-1949",
  "CPI": 24
 },
 {
  "Yearmon": "01-02-1949",
  "CPI": "23.8"
 },
 {
  "Yearmon": "01-03-1949",
  "CPI": "23.8"
 },
 {
  "Yearmon": "01-04-1949",
  "CPI": "23.9"
 },
 {
  "Yearmon": "01-05-1949",
  "CPI": "23.8"
 },
 {
  "Yearmon": "01-06-1949",
  "CPI": "23.9"
 },
 {
  "Yearmon": "01-07-1949",
  "CPI": "23.7"
 },
 {
  "Yearmon": "01-08-1949",
  "CPI": "23.8"
 },
 {
  "Yearmon": "01-09-1949",
  "CPI": "23.9"
 },
 {
  "Yearmon": "01-10-1949",
  "CPI": "23.7"
 },
 {
  "Yearmon": "01-11-1949",
  "CPI": "23.8"
 },
 {
  "Yearmon": "01-12-1949",
  "CPI": "23.6"
 },
 {
  "Yearmon": "01-01-1950",
  "CPI": "23.5"
 },
 {
  "Yearmon": "01-02-1950",
  "CPI": "23.5"
 },
 {
  "Yearmon": "01-03-1950",
  "CPI": "23.6"
 },
 {
  "Yearmon": "01-04-1950",
  "CPI": "23.6"
 },
 {
  "Yearmon": "01-05-1950",
  "CPI": "23.7"
 },
 {
  "Yearmon": "01-06-1950",
  "CPI": "23.8"
 },
 {
  "Yearmon": "01-07-1950",
  "CPI": "24.1"
 },
 {
  "Yearmon": "01-08-1950",
  "CPI": "24.3"
 },
 {
  "Yearmon": "01-09-1950",
  "CPI": "24.4"
 },
 {
  "Yearmon": "01-10-1950",
  "CPI": "24.6"
 },
 {
  "Yearmon": "01-11-1950",
  "CPI": "24.7"
 },
 {
  "Yearmon": "01-12-1950",
  "CPI": 25
 },
 {
  "Yearmon": "01-01-1951",
  "CPI": "25.4"
 },
 {
  "Yearmon": "01-02-1951",
  "CPI": "25.7"
 },
 {
  "Yearmon": "01-03-1951",
  "CPI": "25.8"
 },
 {
  "Yearmon": "01-04-1951",
  "CPI": "25.8"
 },
 {
  "Yearmon": "01-05-1951",
  "CPI": "25.9"
 },
 {
  "Yearmon": "01-06-1951",
  "CPI": "25.9"
 },
 {
  "Yearmon": "01-07-1951",
  "CPI": "25.9"
 },
 {
  "Yearmon": "01-08-1951",
  "CPI": "25.9"
 },
 {
  "Yearmon": "01-09-1951",
  "CPI": "26.1"
 },
 {
  "Yearmon": "01-10-1951",
  "CPI": "26.2"
 },
 {
  "Yearmon": "01-11-1951",
  "CPI": "26.4"
 },
 {
  "Yearmon": "01-12-1951",
  "CPI": "26.5"
 },
 {
  "Yearmon": "01-01-1952",
  "CPI": "26.5"
 },
 {
  "Yearmon": "01-02-1952",
  "CPI": "26.3"
 },
 {
  "Yearmon": "01-03-1952",
  "CPI": "26.3"
 },
 {
  "Yearmon": "01-04-1952",
  "CPI": "26.4"
 },
 {
  "Yearmon": "01-05-1952",
  "CPI": "26.4"
 },
 {
  "Yearmon": "01-06-1952",
  "CPI": "26.5"
 },
 {
  "Yearmon": "01-07-1952",
  "CPI": "26.7"
 },
 {
  "Yearmon": "01-08-1952",
  "CPI": "26.7"
 },
 {
  "Yearmon": "01-09-1952",
  "CPI": "26.7"
 },
 {
  "Yearmon": "01-10-1952",
  "CPI": "26.7"
 },
 {
  "Yearmon": "01-11-1952",
  "CPI": "26.7"
 },
 {
  "Yearmon": "01-12-1952",
  "CPI": "26.7"
 },
 {
  "Yearmon": "01-01-1953",
  "CPI": "26.6"
 },
 {
  "Yearmon": "01-02-1953",
  "CPI": "26.5"
 },
 {
  "Yearmon": "01-03-1953",
  "CPI": "26.6"
 },
 {
  "Yearmon": "01-04-1953",
  "CPI": "26.6"
 },
 {
  "Yearmon": "01-05-1953",
  "CPI": "26.7"
 },
 {
  "Yearmon": "01-06-1953",
  "CPI": "26.8"
 },
 {
  "Yearmon": "01-07-1953",
  "CPI": "26.8"
 },
 {
  "Yearmon": "01-08-1953",
  "CPI": "26.9"
 },
 {
  "Yearmon": "01-09-1953",
  "CPI": "26.9"
 },
 {
  "Yearmon": "01-10-1953",
  "CPI": 27
 },
 {
  "Yearmon": "01-11-1953",
  "CPI": "26.9"
 },
 {
  "Yearmon": "01-12-1953",
  "CPI": "26.9"
 },
 {
  "Yearmon": "01-01-1954",
  "CPI": "26.9"
 },
 {
  "Yearmon": "01-02-1954",
  "CPI": "26.9"
 },
 {
  "Yearmon": "01-03-1954",
  "CPI": "26.9"
 },
 {
  "Yearmon": "01-04-1954",
  "CPI": "26.8"
 },
 {
  "Yearmon": "01-05-1954",
  "CPI": "26.9"
 },
 {
  "Yearmon": "01-06-1954",
  "CPI": "26.9"
 },
 {
  "Yearmon": "01-07-1954",
  "CPI": "26.9"
 },
 {
  "Yearmon": "01-08-1954",
  "CPI": "26.9"
 },
 {
  "Yearmon": "01-09-1954",
  "CPI": "26.8"
 },
 {
  "Yearmon": "01-10-1954",
  "CPI": "26.8"
 },
 {
  "Yearmon": "01-11-1954",
  "CPI": "26.8"
 },
 {
  "Yearmon": "01-12-1954",
  "CPI": "26.7"
 },
 {
  "Yearmon": "01-01-1955",
  "CPI": "26.7"
 },
 {
  "Yearmon": "01-02-1955",
  "CPI": "26.7"
 },
 {
  "Yearmon": "01-03-1955",
  "CPI": "26.7"
 },
 {
  "Yearmon": "01-04-1955",
  "CPI": "26.7"
 },
 {
  "Yearmon": "01-05-1955",
  "CPI": "26.7"
 },
 {
  "Yearmon": "01-06-1955",
  "CPI": "26.7"
 },
 {
  "Yearmon": "01-07-1955",
  "CPI": "26.8"
 },
 {
  "Yearmon": "01-08-1955",
  "CPI": "26.8"
 },
 {
  "Yearmon": "01-09-1955",
  "CPI": "26.9"
 },
 {
  "Yearmon": "01-10-1955",
  "CPI": "26.9"
 },
 {
  "Yearmon": "01-11-1955",
  "CPI": "26.9"
 },
 {
  "Yearmon": "01-12-1955",
  "CPI": "26.8"
 },
 {
  "Yearmon": "01-01-1956",
  "CPI": "26.8"
 },
 {
  "Yearmon": "01-02-1956",
  "CPI": "26.8"
 },
 {
  "Yearmon": "01-03-1956",
  "CPI": "26.8"
 },
 {
  "Yearmon": "01-04-1956",
  "CPI": "26.9"
 },
 {
  "Yearmon": "01-05-1956",
  "CPI": 27
 },
 {
  "Yearmon": "01-06-1956",
  "CPI": "27.2"
 },
 {
  "Yearmon": "01-07-1956",
  "CPI": "27.4"
 },
 {
  "Yearmon": "01-08-1956",
  "CPI": "27.3"
 },
 {
  "Yearmon": "01-09-1956",
  "CPI": "27.4"
 },
 {
  "Yearmon": "01-10-1956",
  "CPI": "27.5"
 },
 {
  "Yearmon": "01-11-1956",
  "CPI": "27.5"
 },
 {
  "Yearmon": "01-12-1956",
  "CPI": "27.6"
 },
 {
  "Yearmon": "01-01-1957",
  "CPI": "27.6"
 },
 {
  "Yearmon": "01-02-1957",
  "CPI": "27.7"
 },
 {
  "Yearmon": "01-03-1957",
  "CPI": "27.8"
 },
 {
  "Yearmon": "01-04-1957",
  "CPI": "27.9"
 },
 {
  "Yearmon": "01-05-1957",
  "CPI": 28
 },
 {
  "Yearmon": "01-06-1957",
  "CPI": "28.1"
 },
 {
  "Yearmon": "01-07-1957",
  "CPI": "28.3"
 },
 {
  "Yearmon": "01-08-1957",
  "CPI": "28.3"
 },
 {
  "Yearmon": "01-09-1957",
  "CPI": "28.3"
 },
 {
  "Yearmon": "01-10-1957",
  "CPI": "28.3"
 },
 {
  "Yearmon": "01-11-1957",
  "CPI": "28.4"
 },
 {
  "Yearmon": "01-12-1957",
  "CPI": "28.4"
 },
 {
  "Yearmon": "01-01-1958",
  "CPI": "28.6"
 },
 {
  "Yearmon": "01-02-1958",
  "CPI": "28.6"
 },
 {
  "Yearmon": "01-03-1958",
  "CPI": "28.8"
 },
 {
  "Yearmon": "01-04-1958",
  "CPI": "28.9"
 },
 {
  "Yearmon": "01-05-1958",
  "CPI": "28.9"
 },
 {
  "Yearmon": "01-06-1958",
  "CPI": "28.9"
 },
 {
  "Yearmon": "01-07-1958",
  "CPI": 29
 },
 {
  "Yearmon": "01-08-1958",
  "CPI": "28.9"
 },
 {
  "Yearmon": "01-09-1958",
  "CPI": "28.9"
 },
 {
  "Yearmon": "01-10-1958",
  "CPI": "28.9"
 },
 {
  "Yearmon": "01-11-1958",
  "CPI": 29
 },
 {
  "Yearmon": "01-12-1958",
  "CPI": "28.9"
 },
 {
  "Yearmon": "01-01-1959",
  "CPI": 29
 },
 {
  "Yearmon": "01-02-1959",
  "CPI": "28.9"
 },
 {
  "Yearmon": "01-03-1959",
  "CPI": "28.9"
 },
 {
  "Yearmon": "01-04-1959",
  "CPI": 29
 },
 {
  "Yearmon": "01-05-1959",
  "CPI": 29
 },
 {
  "Yearmon": "01-06-1959",
  "CPI": "29.1"
 },
 {
  "Yearmon": "01-07-1959",
  "CPI": "29.2"
 },
 {
  "Yearmon": "01-08-1959",
  "CPI": "29.2"
 },
 {
  "Yearmon": "01-09-1959",
  "CPI": "29.3"
 },
 {
  "Yearmon": "01-10-1959",
  "CPI": "29.4"
 },
 {
  "Yearmon": "01-11-1959",
  "CPI": "29.4"
 },
 {
  "Yearmon": "01-12-1959",
  "CPI": "29.4"
 },
 {
  "Yearmon": "01-01-1960",
  "CPI": "29.3"
 },
 {
  "Yearmon": "01-02-1960",
  "CPI": "29.4"
 },
 {
  "Yearmon": "01-03-1960",
  "CPI": "29.4"
 },
 {
  "Yearmon": "01-04-1960",
  "CPI": "29.5"
 },
 {
  "Yearmon": "01-05-1960",
  "CPI": "29.5"
 },
 {
  "Yearmon": "01-06-1960",
  "CPI": "29.6"
 },
 {
  "Yearmon": "01-07-1960",
  "CPI": "29.6"
 },
 {
  "Yearmon": "01-08-1960",
  "CPI": "29.6"
 },
 {
  "Yearmon": "01-09-1960",
  "CPI": "29.6"
 },
 {
  "Yearmon": "01-10-1960",
  "CPI": "29.8"
 },
 {
  "Yearmon": "01-11-1960",
  "CPI": "29.8"
 },
 {
  "Yearmon": "01-12-1960",
  "CPI": "29.8"
 },
 {
  "Yearmon": "01-01-1961",
  "CPI": "29.8"
 },
 {
  "Yearmon": "01-02-1961",
  "CPI": "29.8"
 },
 {
  "Yearmon": "01-03-1961",
  "CPI": "29.8"
 },
 {
  "Yearmon": "01-04-1961",
  "CPI": "29.8"
 },
 {
  "Yearmon": "01-05-1961",
  "CPI": "29.8"
 },
 {
  "Yearmon": "01-06-1961",
  "CPI": "29.8"
 },
 {
  "Yearmon": "01-07-1961",
  "CPI": 30
 },
 {
  "Yearmon": "01-08-1961",
  "CPI": "29.9"
 },
 {
  "Yearmon": "01-09-1961",
  "CPI": 30
 },
 {
  "Yearmon": "01-10-1961",
  "CPI": 30
 },
 {
  "Yearmon": "01-11-1961",
  "CPI": 30
 },
 {
  "Yearmon": "01-12-1961",
  "CPI": 30
 },
 {
  "Yearmon": "01-01-1962",
  "CPI": 30
 },
 {
  "Yearmon": "01-02-1962",
  "CPI": "30.1"
 },
 {
  "Yearmon": "01-03-1962",
  "CPI": "30.1"
 },
 {
  "Yearmon": "01-04-1962",
  "CPI": "30.2"
 },
 {
  "Yearmon": "01-05-1962",
  "CPI": "30.2"
 },
 {
  "Yearmon": "01-06-1962",
  "CPI": "30.2"
 },
 {
  "Yearmon": "01-07-1962",
  "CPI": "30.3"
 },
 {
  "Yearmon": "01-08-1962",
  "CPI": "30.3"
 },
 {
  "Yearmon": "01-09-1962",
  "CPI": "30.4"
 },
 {
  "Yearmon": "01-10-1962",
  "CPI": "30.4"
 },
 {
  "Yearmon": "01-11-1962",
  "CPI": "30.4"
 },
 {
  "Yearmon": "01-12-1962",
  "CPI": "30.4"
 },
 {
  "Yearmon": "01-01-1963",
  "CPI": "30.4"
 },
 {
  "Yearmon": "01-02-1963",
  "CPI": "30.4"
 },
 {
  "Yearmon": "01-03-1963",
  "CPI": "30.5"
 },
 {
  "Yearmon": "01-04-1963",
  "CPI": "30.5"
 },
 {
  "Yearmon": "01-05-1963",
  "CPI": "30.5"
 },
 {
  "Yearmon": "01-06-1963",
  "CPI": "30.6"
 },
 {
  "Yearmon": "01-07-1963",
  "CPI": "30.7"
 },
 {
  "Yearmon": "01-08-1963",
  "CPI": "30.7"
 },
 {
  "Yearmon": "01-09-1963",
  "CPI": "30.7"
 },
 {
  "Yearmon": "01-10-1963",
  "CPI": "30.8"
 },
 {
  "Yearmon": "01-11-1963",
  "CPI": "30.8"
 },
 {
  "Yearmon": "01-12-1963",
  "CPI": "30.9"
 },
 {
  "Yearmon": "01-01-1964",
  "CPI": "30.9"
 },
 {
  "Yearmon": "01-02-1964",
  "CPI": "30.9"
 },
 {
  "Yearmon": "01-03-1964",
  "CPI": "30.9"
 },
 {
  "Yearmon": "01-04-1964",
  "CPI": "30.9"
 },
 {
  "Yearmon": "01-05-1964",
  "CPI": "30.9"
 },
 {
  "Yearmon": "01-06-1964",
  "CPI": 31
 },
 {
  "Yearmon": "01-07-1964",
  "CPI": "31.1"
 },
 {
  "Yearmon": "01-08-1964",
  "CPI": 31
 },
 {
  "Yearmon": "01-09-1964",
  "CPI": "31.1"
 },
 {
  "Yearmon": "01-10-1964",
  "CPI": "31.1"
 },
 {
  "Yearmon": "01-11-1964",
  "CPI": "31.2"
 },
 {
  "Yearmon": "01-12-1964",
  "CPI": "31.2"
 },
 {
  "Yearmon": "01-01-1965",
  "CPI": "31.2"
 },
 {
  "Yearmon": "01-02-1965",
  "CPI": "31.2"
 },
 {
  "Yearmon": "01-03-1965",
  "CPI": "31.3"
 },
 {
  "Yearmon": "01-04-1965",
  "CPI": "31.4"
 },
 {
  "Yearmon": "01-05-1965",
  "CPI": "31.4"
 },
 {
  "Yearmon": "01-06-1965",
  "CPI": "31.6"
 },
 {
  "Yearmon": "01-07-1965",
  "CPI": "31.6"
 },
 {
  "Yearmon": "01-08-1965",
  "CPI": "31.6"
 },
 {
  "Yearmon": "01-09-1965",
  "CPI": "31.6"
 },
 {
  "Yearmon": "01-10-1965",
  "CPI": "31.7"
 },
 {
  "Yearmon": "01-11-1965",
  "CPI": "31.7"
 },
 {
  "Yearmon": "01-12-1965",
  "CPI": "31.8"
 },
 {
  "Yearmon": "01-01-1966",
  "CPI": "31.8"
 },
 {
  "Yearmon": "01-02-1966",
  "CPI": 32
 },
 {
  "Yearmon": "01-03-1966",
  "CPI": "32.1"
 },
 {
  "Yearmon": "01-04-1966",
  "CPI": "32.3"
 },
 {
  "Yearmon": "01-05-1966",
  "CPI": "32.3"
 },
 {
  "Yearmon": "01-06-1966",
  "CPI": "32.4"
 },
 {
  "Yearmon": "01-07-1966",
  "CPI": "32.5"
 },
 {
  "Yearmon": "01-08-1966",
  "CPI": "32.7"
 },
 {
  "Yearmon": "01-09-1966",
  "CPI": "32.7"
 },
 {
  "Yearmon": "01-10-1966",
  "CPI": "32.9"
 },
 {
  "Yearmon": "01-11-1966",
  "CPI": "32.9"
 },
 {
  "Yearmon": "01-12-1966",
  "CPI": "32.9"
 },
 {
  "Yearmon": "01-01-1967",
  "CPI": "32.9"
 },
 {
  "Yearmon": "01-02-1967",
  "CPI": "32.9"
 },
 {
  "Yearmon": "01-03-1967",
  "CPI": 33
 },
 {
  "Yearmon": "01-04-1967",
  "CPI": "33.1"
 },
 {
  "Yearmon": "01-05-1967",
  "CPI": "33.2"
 },
 {
  "Yearmon": "01-06-1967",
  "CPI": "33.3"
 },
 {
  "Yearmon": "01-07-1967",
  "CPI": "33.4"
 },
 {
  "Yearmon": "01-08-1967",
  "CPI": "33.5"
 },
 {
  "Yearmon": "01-09-1967",
  "CPI": "33.6"
 },
 {
  "Yearmon": "01-10-1967",
  "CPI": "33.7"
 },
 {
  "Yearmon": "01-11-1967",
  "CPI": "33.8"
 },
 {
  "Yearmon": "01-12-1967",
  "CPI": "33.9"
 },
 {
  "Yearmon": "01-01-1968",
  "CPI": "34.1"
 },
 {
  "Yearmon": "01-02-1968",
  "CPI": "34.2"
 },
 {
  "Yearmon": "01-03-1968",
  "CPI": "34.3"
 },
 {
  "Yearmon": "01-04-1968",
  "CPI": "34.4"
 },
 {
  "Yearmon": "01-05-1968",
  "CPI": "34.5"
 },
 {
  "Yearmon": "01-06-1968",
  "CPI": "34.7"
 },
 {
  "Yearmon": "01-07-1968",
  "CPI": "34.9"
 },
 {
  "Yearmon": "01-08-1968",
  "CPI": 35
 },
 {
  "Yearmon": "01-09-1968",
  "CPI": "35.1"
 },
 {
  "Yearmon": "01-10-1968",
  "CPI": "35.3"
 },
 {
  "Yearmon": "01-11-1968",
  "CPI": "35.4"
 },
 {
  "Yearmon": "01-12-1968",
  "CPI": "35.5"
 },
 {
  "Yearmon": "01-01-1969",
  "CPI": "35.6"
 },
 {
  "Yearmon": "01-02-1969",
  "CPI": "35.8"
 },
 {
  "Yearmon": "01-03-1969",
  "CPI": "36.1"
 },
 {
  "Yearmon": "01-04-1969",
  "CPI": "36.3"
 },
 {
  "Yearmon": "01-05-1969",
  "CPI": "36.4"
 },
 {
  "Yearmon": "01-06-1969",
  "CPI": "36.6"
 },
 {
  "Yearmon": "01-07-1969",
  "CPI": "36.8"
 },
 {
  "Yearmon": "01-08-1969",
  "CPI": 37
 },
 {
  "Yearmon": "01-09-1969",
  "CPI": "37.1"
 },
 {
  "Yearmon": "01-10-1969",
  "CPI": "37.3"
 },
 {
  "Yearmon": "01-11-1969",
  "CPI": "37.5"
 },
 {
  "Yearmon": "01-12-1969",
  "CPI": "37.7"
 },
 {
  "Yearmon": "01-01-1970",
  "CPI": "37.8"
 },
 {
  "Yearmon": "01-02-1970",
  "CPI": 38
 },
 {
  "Yearmon": "01-03-1970",
  "CPI": "38.2"
 },
 {
  "Yearmon": "01-04-1970",
  "CPI": "38.5"
 },
 {
  "Yearmon": "01-05-1970",
  "CPI": "38.6"
 },
 {
  "Yearmon": "01-06-1970",
  "CPI": "38.8"
 },
 {
  "Yearmon": "01-07-1970",
  "CPI": 39
 },
 {
  "Yearmon": "01-08-1970",
  "CPI": 39
 },
 {
  "Yearmon": "01-09-1970",
  "CPI": "39.2"
 },
 {
  "Yearmon": "01-10-1970",
  "CPI": "39.4"
 },
 {
  "Yearmon": "01-11-1970",
  "CPI": "39.6"
 },
 {
  "Yearmon": "01-12-1970",
  "CPI": "39.8"
 },
 {
  "Yearmon": "01-01-1971",
  "CPI": "39.8"
 },
 {
  "Yearmon": "01-02-1971",
  "CPI": "39.9"
 },
 {
  "Yearmon": "01-03-1971",
  "CPI": 40
 },
 {
  "Yearmon": "01-04-1971",
  "CPI": "40.1"
 },
 {
  "Yearmon": "01-05-1971",
  "CPI": "40.3"
 },
 {
  "Yearmon": "01-06-1971",
  "CPI": "40.6"
 },
 {
  "Yearmon": "01-07-1971",
  "CPI": "40.7"
 },
 {
  "Yearmon": "01-08-1971",
  "CPI": "40.8"
 },
 {
  "Yearmon": "01-09-1971",
  "CPI": "40.8"
 },
 {
  "Yearmon": "01-10-1971",
  "CPI": "40.9"
 },
 {
  "Yearmon": "01-11-1971",
  "CPI": "40.9"
 },
 {
  "Yearmon": "01-12-1971",
  "CPI": "41.1"
 },
 {
  "Yearmon": "01-01-1972",
  "CPI": "41.1"
 },
 {
  "Yearmon": "01-02-1972",
  "CPI": "41.3"
 },
 {
  "Yearmon": "01-03-1972",
  "CPI": "41.4"
 },
 {
  "Yearmon": "01-04-1972",
  "CPI": "41.5"
 },
 {
  "Yearmon": "01-05-1972",
  "CPI": "41.6"
 },
 {
  "Yearmon": "01-06-1972",
  "CPI": "41.7"
 },
 {
  "Yearmon": "01-07-1972",
  "CPI": "41.9"
 },
 {
  "Yearmon": "01-08-1972",
  "CPI": 42
 },
 {
  "Yearmon": "01-09-1972",
  "CPI": "42.1"
 },
 {
  "Yearmon": "01-10-1972",
  "CPI": "42.3"
 },
 {
  "Yearmon": "01-11-1972",
  "CPI": "42.4"
 },
 {
  "Yearmon": "01-12-1972",
  "CPI": "42.5"
 },
 {
  "Yearmon": "01-01-1973",
  "CPI": "42.6"
 },
 {
  "Yearmon": "01-02-1973",
  "CPI": "42.9"
 },
 {
  "Yearmon": "01-03-1973",
  "CPI": "43.3"
 },
 {
  "Yearmon": "01-04-1973",
  "CPI": "43.6"
 },
 {
  "Yearmon": "01-05-1973",
  "CPI": "43.9"
 },
 {
  "Yearmon": "01-06-1973",
  "CPI": "44.2"
 },
 {
  "Yearmon": "01-07-1973",
  "CPI": "44.3"
 },
 {
  "Yearmon": "01-08-1973",
  "CPI": "45.1"
 },
 {
  "Yearmon": "01-09-1973",
  "CPI": "45.2"
 },
 {
  "Yearmon": "01-10-1973",
  "CPI": "45.6"
 },
 {
  "Yearmon": "01-11-1973",
  "CPI": "45.9"
 },
 {
  "Yearmon": "01-12-1973",
  "CPI": "46.2"
 },
 {
  "Yearmon": "01-01-1974",
  "CPI": "46.6"
 },
 {
  "Yearmon": "01-02-1974",
  "CPI": "47.2"
 },
 {
  "Yearmon": "01-03-1974",
  "CPI": "47.8"
 },
 {
  "Yearmon": "01-04-1974",
  "CPI": 48
 },
 {
  "Yearmon": "01-05-1974",
  "CPI": "48.6"
 },
 {
  "Yearmon": "01-06-1974",
  "CPI": 49
 },
 {
  "Yearmon": "01-07-1974",
  "CPI": "49.4"
 },
 {
  "Yearmon": "01-08-1974",
  "CPI": 50
 },
 {
  "Yearmon": "01-09-1974",
  "CPI": "50.6"
 },
 {
  "Yearmon": "01-10-1974",
  "CPI": "51.1"
 },
 {
  "Yearmon": "01-11-1974",
  "CPI": "51.5"
 },
 {
  "Yearmon": "01-12-1974",
  "CPI": "51.9"
 },
 {
  "Yearmon": "01-01-1975",
  "CPI": "52.1"
 },
 {
  "Yearmon": "01-02-1975",
  "CPI": "52.5"
 },
 {
  "Yearmon": "01-03-1975",
  "CPI": "52.7"
 },
 {
  "Yearmon": "01-04-1975",
  "CPI": "52.9"
 },
 {
  "Yearmon": "01-05-1975",
  "CPI": "53.2"
 },
 {
  "Yearmon": "01-06-1975",
  "CPI": "53.6"
 },
 {
  "Yearmon": "01-07-1975",
  "CPI": "54.2"
 },
 {
  "Yearmon": "01-08-1975",
  "CPI": "54.3"
 },
 {
  "Yearmon": "01-09-1975",
  "CPI": "54.6"
 },
 {
  "Yearmon": "01-10-1975",
  "CPI": "54.9"
 },
 {
  "Yearmon": "01-11-1975",
  "CPI": "55.3"
 },
 {
  "Yearmon": "01-12-1975",
  "CPI": "55.5"
 },
 {
  "Yearmon": "01-01-1976",
  "CPI": "55.6"
 },
 {
  "Yearmon": "01-02-1976",
  "CPI": "55.8"
 },
 {
  "Yearmon": "01-03-1976",
  "CPI": "55.9"
 },
 {
  "Yearmon": "01-04-1976",
  "CPI": "56.1"
 },
 {
  "Yearmon": "01-05-1976",
  "CPI": "56.5"
 },
 {
  "Yearmon": "01-06-1976",
  "CPI": "56.8"
 },
 {
  "Yearmon": "01-07-1976",
  "CPI": "57.1"
 },
 {
  "Yearmon": "01-08-1976",
  "CPI": "57.4"
 },
 {
  "Yearmon": "01-09-1976",
  "CPI": "57.6"
 },
 {
  "Yearmon": "01-10-1976",
  "CPI": "57.9"
 },
 {
  "Yearmon": "01-11-1976",
  "CPI": 58
 },
 {
  "Yearmon": "01-12-1976",
  "CPI": "58.2"
 },
 {
  "Yearmon": "01-01-1977",
  "CPI": "58.5"
 },
 {
  "Yearmon": "01-02-1977",
  "CPI": "59.1"
 },
 {
  "Yearmon": "01-03-1977",
  "CPI": "59.5"
 },
 {
  "Yearmon": "01-04-1977",
  "CPI": 60
 },
 {
  "Yearmon": "01-05-1977",
  "CPI": "60.3"
 },
 {
  "Yearmon": "01-06-1977",
  "CPI": "60.7"
 },
 {
  "Yearmon": "01-07-1977",
  "CPI": 61
 },
 {
  "Yearmon": "01-08-1977",
  "CPI": "61.2"
 },
 {
  "Yearmon": "01-09-1977",
  "CPI": "61.4"
 },
 {
  "Yearmon": "01-10-1977",
  "CPI": "61.6"
 },
 {
  "Yearmon": "01-11-1977",
  "CPI": "61.9"
 },
 {
  "Yearmon": "01-12-1977",
  "CPI": "62.1"
 },
 {
  "Yearmon": "01-01-1978",
  "CPI": "62.5"
 },
 {
  "Yearmon": "01-02-1978",
  "CPI": "62.9"
 },
 {
  "Yearmon": "01-03-1978",
  "CPI": "63.4"
 },
 {
  "Yearmon": "01-04-1978",
  "CPI": "63.9"
 },
 {
  "Yearmon": "01-05-1978",
  "CPI": "64.5"
 },
 {
  "Yearmon": "01-06-1978",
  "CPI": "65.2"
 },
 {
  "Yearmon": "01-07-1978",
  "CPI": "65.7"
 },
 {
  "Yearmon": "01-08-1978",
  "CPI": 66
 },
 {
  "Yearmon": "01-09-1978",
  "CPI": "66.5"
 },
 {
  "Yearmon": "01-10-1978",
  "CPI": "67.1"
 },
 {
  "Yearmon": "01-11-1978",
  "CPI": "67.4"
 },
 {
  "Yearmon": "01-12-1978",
  "CPI": "67.7"
 },
 {
  "Yearmon": "01-01-1979",
  "CPI": "68.3"
 },
 {
  "Yearmon": "01-02-1979",
  "CPI": "69.1"
 },
 {
  "Yearmon": "01-03-1979",
  "CPI": "69.8"
 },
 {
  "Yearmon": "01-04-1979",
  "CPI": "70.6"
 },
 {
  "Yearmon": "01-05-1979",
  "CPI": "71.5"
 },
 {
  "Yearmon": "01-06-1979",
  "CPI": "72.3"
 },
 {
  "Yearmon": "01-07-1979",
  "CPI": "73.1"
 },
 {
  "Yearmon": "01-08-1979",
  "CPI": "73.8"
 },
 {
  "Yearmon": "01-09-1979",
  "CPI": "74.6"
 },
 {
  "Yearmon": "01-10-1979",
  "CPI": "75.2"
 },
 {
  "Yearmon": "01-11-1979",
  "CPI": "75.9"
 },
 {
  "Yearmon": "01-12-1979",
  "CPI": "76.7"
 },
 {
  "Yearmon": "01-01-1980",
  "CPI": "77.8"
 },
 {
  "Yearmon": "01-02-1980",
  "CPI": "78.9"
 },
 {
  "Yearmon": "01-03-1980",
  "CPI": "80.1"
 },
 {
  "Yearmon": "01-04-1980",
  "CPI": 81
 },
 {
  "Yearmon": "01-05-1980",
  "CPI": "81.8"
 },
 {
  "Yearmon": "01-06-1980",
  "CPI": "82.7"
 },
 {
  "Yearmon": "01-07-1980",
  "CPI": "82.7"
 },
 {
  "Yearmon": "01-08-1980",
  "CPI": "83.3"
 },
 {
  "Yearmon": "01-09-1980",
  "CPI": 84
 },
 {
  "Yearmon": "01-10-1980",
  "CPI": "84.8"
 },
 {
  "Yearmon": "01-11-1980",
  "CPI": "85.5"
 },
 {
  "Yearmon": "01-12-1980",
  "CPI": "86.3"
 },
 {
  "Yearmon": "01-01-1981",
  "CPI": 87
 },
 {
  "Yearmon": "01-02-1981",
  "CPI": "87.9"
 },
 {
  "Yearmon": "01-03-1981",
  "CPI": "88.5"
 },
 {
  "Yearmon": "01-04-1981",
  "CPI": "89.1"
 },
 {
  "Yearmon": "01-05-1981",
  "CPI": "89.8"
 },
 {
  "Yearmon": "01-06-1981",
  "CPI": "90.6"
 },
 {
  "Yearmon": "01-07-1981",
  "CPI": "91.6"
 },
 {
  "Yearmon": "01-08-1981",
  "CPI": "92.3"
 },
 {
  "Yearmon": "01-09-1981",
  "CPI": "93.2"
 },
 {
  "Yearmon": "01-10-1981",
  "CPI": "93.4"
 },
 {
  "Yearmon": "01-11-1981",
  "CPI": "93.7"
 },
 {
  "Yearmon": "01-12-1981",
  "CPI": 94
 },
 {
  "Yearmon": "01-01-1982",
  "CPI": "94.3"
 },
 {
  "Yearmon": "01-02-1982",
  "CPI": "94.6"
 },
 {
  "Yearmon": "01-03-1982",
  "CPI": "94.5"
 },
 {
  "Yearmon": "01-04-1982",
  "CPI": "94.9"
 },
 {
  "Yearmon": "01-05-1982",
  "CPI": "95.8"
 },
 {
  "Yearmon": "01-06-1982",
  "CPI": 97
 },
 {
  "Yearmon": "01-07-1982",
  "CPI": "97.5"
 },
 {
  "Yearmon": "01-08-1982",
  "CPI": "97.7"
 },
 {
  "Yearmon": "01-09-1982",
  "CPI": "97.9"
 },
 {
  "Yearmon": "01-10-1982",
  "CPI": "98.2"
 },
 {
  "Yearmon": "01-11-1982",
  "CPI": 98
 },
 {
  "Yearmon": "01-12-1982",
  "CPI": "97.6"
 },
 {
  "Yearmon": "01-01-1983",
  "CPI": "97.8"
 },
 {
  "Yearmon": "01-02-1983",
  "CPI": "97.9"
 },
 {
  "Yearmon": "01-03-1983",
  "CPI": "97.9"
 },
 {
  "Yearmon": "01-04-1983",
  "CPI": "98.6"
 },
 {
  "Yearmon": "01-05-1983",
  "CPI": "99.2"
 },
 {
  "Yearmon": "01-06-1983",
  "CPI": "99.5"
 },
 {
  "Yearmon": "01-07-1983",
  "CPI": "99.9"
 },
 {
  "Yearmon": "01-08-1983",
  "CPI": "100.2"
 },
 {
  "Yearmon": "01-09-1983",
  "CPI": "100.7"
 },
 {
  "Yearmon": "01-10-1983",
  "CPI": 101
 },
 {
  "Yearmon": "01-11-1983",
  "CPI": "101.2"
 },
 {
  "Yearmon": "01-12-1983",
  "CPI": "101.3"
 },
 {
  "Yearmon": "01-01-1984",
  "CPI": "101.9"
 },
 {
  "Yearmon": "01-02-1984",
  "CPI": "102.4"
 },
 {
  "Yearmon": "01-03-1984",
  "CPI": "102.6"
 },
 {
  "Yearmon": "01-04-1984",
  "CPI": "103.1"
 },
 {
  "Yearmon": "01-05-1984",
  "CPI": "103.4"
 },
 {
  "Yearmon": "01-06-1984",
  "CPI": "103.7"
 },
 {
  "Yearmon": "01-07-1984",
  "CPI": "104.1"
 },
 {
  "Yearmon": "01-08-1984",
  "CPI": "104.5"
 },
 {
  "Yearmon": "01-09-1984",
  "CPI": 105
 },
 {
  "Yearmon": "01-10-1984",
  "CPI": "105.3"
 },
 {
  "Yearmon": "01-11-1984",
  "CPI": "105.3"
 },
 {
  "Yearmon": "01-12-1984",
  "CPI": "105.3"
 },
 {
  "Yearmon": "01-01-1985",
  "CPI": "105.5"
 },
 {
  "Yearmon": "01-02-1985",
  "CPI": 106
 },
 {
  "Yearmon": "01-03-1985",
  "CPI": "106.4"
 },
 {
  "Yearmon": "01-04-1985",
  "CPI": "106.9"
 },
 {
  "Yearmon": "01-05-1985",
  "CPI": "107.3"
 },
 {
  "Yearmon": "01-06-1985",
  "CPI": "107.6"
 },
 {
  "Yearmon": "01-07-1985",
  "CPI": "107.8"
 },
 {
  "Yearmon": "01-08-1985",
  "CPI": 108
 },
 {
  "Yearmon": "01-09-1985",
  "CPI": "108.3"
 },
 {
  "Yearmon": "01-10-1985",
  "CPI": "108.7"
 },
 {
  "Yearmon": "01-11-1985",
  "CPI": 109
 },
 {
  "Yearmon": "01-12-1985",
  "CPI": "109.3"
 },
 {
  "Yearmon": "01-01-1986",
  "CPI": "109.6"
 },
 {
  "Yearmon": "01-02-1986",
  "CPI": "109.3"
 },
 {
  "Yearmon": "01-03-1986",
  "CPI": "108.8"
 },
 {
  "Yearmon": "01-04-1986",
  "CPI": "108.6"
 },
 {
  "Yearmon": "01-05-1986",
  "CPI": "108.9"
 },
 {
  "Yearmon": "01-06-1986",
  "CPI": "109.5"
 },
 {
  "Yearmon": "01-07-1986",
  "CPI": "109.5"
 },
 {
  "Yearmon": "01-08-1986",
  "CPI": "109.7"
 },
 {
  "Yearmon": "01-09-1986",
  "CPI": "110.2"
 },
 {
  "Yearmon": "01-10-1986",
  "CPI": "110.3"
 },
 {
  "Yearmon": "01-11-1986",
  "CPI": "110.4"
 },
 {
  "Yearmon": "01-12-1986",
  "CPI": "110.5"
 },
 {
  "Yearmon": "01-01-1987",
  "CPI": "111.2"
 },
 {
  "Yearmon": "01-02-1987",
  "CPI": "111.6"
 },
 {
  "Yearmon": "01-03-1987",
  "CPI": "112.1"
 },
 {
  "Yearmon": "01-04-1987",
  "CPI": "112.7"
 },
 {
  "Yearmon": "01-05-1987",
  "CPI": "113.1"
 },
 {
  "Yearmon": "01-06-1987",
  "CPI": "113.5"
 },
 {
  "Yearmon": "01-07-1987",
  "CPI": "113.8"
 },
 {
  "Yearmon": "01-08-1987",
  "CPI": "114.4"
 },
 {
  "Yearmon": "01-09-1987",
  "CPI": 115
 },
 {
  "Yearmon": "01-10-1987",
  "CPI": "115.3"
 },
 {
  "Yearmon": "01-11-1987",
  "CPI": "115.4"
 },
 {
  "Yearmon": "01-12-1987",
  "CPI": "115.4"
 },
 {
  "Yearmon": "01-01-1988",
  "CPI": "115.7"
 },
 {
  "Yearmon": "01-02-1988",
  "CPI": 116
 },
 {
  "Yearmon": "01-03-1988",
  "CPI": "116.5"
 },
 {
  "Yearmon": "01-04-1988",
  "CPI": "117.1"
 },
 {
  "Yearmon": "01-05-1988",
  "CPI": "117.5"
 },
 {
  "Yearmon": "01-06-1988",
  "CPI": 118
 },
 {
  "Yearmon": "01-07-1988",
  "CPI": "118.5"
 },
 {
  "Yearmon": "01-08-1988",
  "CPI": 119
 },
 {
  "Yearmon": "01-09-1988",
  "CPI": "119.8"
 },
 {
  "Yearmon": "01-10-1988",
  "CPI": "120.2"
 },
 {
  "Yearmon": "01-11-1988",
  "CPI": "120.3"
 },
 {
  "Yearmon": "01-12-1988",
  "CPI": "120.5"
 },
 {
  "Yearmon": "01-01-1989",
  "CPI": "121.1"
 },
 {
  "Yearmon": "01-02-1989",
  "CPI": "121.6"
 },
 {
  "Yearmon": "01-03-1989",
  "CPI": "122.3"
 },
 {
  "Yearmon": "01-04-1989",
  "CPI": "123.1"
 },
 {
  "Yearmon": "01-05-1989",
  "CPI": "123.8"
 },
 {
  "Yearmon": "01-06-1989",
  "CPI": "124.1"
 },
 {
  "Yearmon": "01-07-1989",
  "CPI": "124.4"
 },
 {
  "Yearmon": "01-08-1989",
  "CPI": "124.6"
 },
 {
  "Yearmon": "01-09-1989",
  "CPI": 125
 },
 {
  "Yearmon": "01-10-1989",
  "CPI": "125.6"
 },
 {
  "Yearmon": "01-11-1989",
  "CPI": "125.9"
 },
 {
  "Yearmon": "01-12-1989",
  "CPI": "126.1"
 },
 {
  "Yearmon": "01-01-1990",
  "CPI": "127.4"
 },
 {
  "Yearmon": "01-02-1990",
  "CPI": 128
 },
 {
  "Yearmon": "01-03-1990",
  "CPI": "128.7"
 },
 {
  "Yearmon": "01-04-1990",
  "CPI": "128.9"
 },
 {
  "Yearmon": "01-05-1990",
  "CPI": "129.2"
 },
 {
  "Yearmon": "01-06-1990",
  "CPI": "129.9"
 },
 {
  "Yearmon": "01-07-1990",
  "CPI": "130.4"
 },
 {
  "Yearmon": "01-08-1990",
  "CPI": "131.6"
 },
 {
  "Yearmon": "01-09-1990",
  "CPI": "132.7"
 },
 {
  "Yearmon": "01-10-1990",
  "CPI": "133.5"
 },
 {
  "Yearmon": "01-11-1990",
  "CPI": "133.8"
 },
 {
  "Yearmon": "01-12-1990",
  "CPI": "133.8"
 },
 {
  "Yearmon": "01-01-1991",
  "CPI": "134.6"
 },
 {
  "Yearmon": "01-02-1991",
  "CPI": "134.8"
 },
 {
  "Yearmon": "01-03-1991",
  "CPI": 135
 },
 {
  "Yearmon": "01-04-1991",
  "CPI": "135.2"
 },
 {
  "Yearmon": "01-05-1991",
  "CPI": "135.6"
 },
 {
  "Yearmon": "01-06-1991",
  "CPI": 136
 },
 {
  "Yearmon": "01-07-1991",
  "CPI": "136.2"
 },
 {
  "Yearmon": "01-08-1991",
  "CPI": "136.6"
 },
 {
  "Yearmon": "01-09-1991",
  "CPI": "137.2"
 },
 {
  "Yearmon": "01-10-1991",
  "CPI": "137.4"
 },
 {
  "Yearmon": "01-11-1991",
  "CPI": "137.8"
 },
 {
  "Yearmon": "01-12-1991",
  "CPI": "137.9"
 },
 {
  "Yearmon": "01-01-1992",
  "CPI": "138.1"
 },
 {
  "Yearmon": "01-02-1992",
  "CPI": "138.6"
 },
 {
  "Yearmon": "01-03-1992",
  "CPI": "139.3"
 },
 {
  "Yearmon": "01-04-1992",
  "CPI": "139.5"
 },
 {
  "Yearmon": "01-05-1992",
  "CPI": "139.7"
 },
 {
  "Yearmon": "01-06-1992",
  "CPI": "140.2"
 },
 {
  "Yearmon": "01-07-1992",
  "CPI": "140.5"
 },
 {
  "Yearmon": "01-08-1992",
  "CPI": "140.9"
 },
 {
  "Yearmon": "01-09-1992",
  "CPI": "141.3"
 },
 {
  "Yearmon": "01-10-1992",
  "CPI": "141.8"
 },
 {
  "Yearmon": "01-11-1992",
  "CPI": 142
 },
 {
  "Yearmon": "01-12-1992",
  "CPI": "141.9"
 },
 {
  "Yearmon": "01-01-1993",
  "CPI": "142.6"
 },
 {
  "Yearmon": "01-02-1993",
  "CPI": "143.1"
 },
 {
  "Yearmon": "01-03-1993",
  "CPI": "143.6"
 },
 {
  "Yearmon": "01-04-1993",
  "CPI": 144
 },
 {
  "Yearmon": "01-05-1993",
  "CPI": "144.2"
 },
 {
  "Yearmon": "01-06-1993",
  "CPI": "144.4"
 },
 {
  "Yearmon": "01-07-1993",
  "CPI": "144.4"
 },
 {
  "Yearmon": "01-08-1993",
  "CPI": "144.8"
 },
 {
  "Yearmon": "01-09-1993",
  "CPI": "145.1"
 },
 {
  "Yearmon": "01-10-1993",
  "CPI": "145.7"
 },
 {
  "Yearmon": "01-11-1993",
  "CPI": "145.8"
 },
 {
  "Yearmon": "01-12-1993",
  "CPI": "145.8"
 },
 {
  "Yearmon": "01-01-1994",
  "CPI": "146.2"
 },
 {
  "Yearmon": "01-02-1994",
  "CPI": "146.7"
 },
 {
  "Yearmon": "01-03-1994",
  "CPI": "147.2"
 },
 {
  "Yearmon": "01-04-1994",
  "CPI": "147.4"
 },
 {
  "Yearmon": "01-05-1994",
  "CPI": "147.5"
 },
 {
  "Yearmon": "01-06-1994",
  "CPI": 148
 },
 {
  "Yearmon": "01-07-1994",
  "CPI": "148.4"
 },
 {
  "Yearmon": "01-08-1994",
  "CPI": 149
 },
 {
  "Yearmon": "01-09-1994",
  "CPI": "149.4"
 },
 {
  "Yearmon": "01-10-1994",
  "CPI": "149.5"
 },
 {
  "Yearmon": "01-11-1994",
  "CPI": "149.7"
 },
 {
  "Yearmon": "01-12-1994",
  "CPI": "149.7"
 },
 {
  "Yearmon": "01-01-1995",
  "CPI": "150.3"
 },
 {
  "Yearmon": "01-02-1995",
  "CPI": "150.9"
 },
 {
  "Yearmon": "01-03-1995",
  "CPI": "151.4"
 },
 {
  "Yearmon": "01-04-1995",
  "CPI": "151.9"
 },
 {
  "Yearmon": "01-05-1995",
  "CPI": "152.2"
 },
 {
  "Yearmon": "01-06-1995",
  "CPI": "152.5"
 },
 {
  "Yearmon": "01-07-1995",
  "CPI": "152.5"
 },
 {
  "Yearmon": "01-08-1995",
  "CPI": "152.9"
 },
 {
  "Yearmon": "01-09-1995",
  "CPI": "153.2"
 },
 {
  "Yearmon": "01-10-1995",
  "CPI": "153.7"
 },
 {
  "Yearmon": "01-11-1995",
  "CPI": "153.6"
 },
 {
  "Yearmon": "01-12-1995",
  "CPI": "153.5"
 },
 {
  "Yearmon": "01-01-1996",
  "CPI": "154.4"
 },
 {
  "Yearmon": "01-02-1996",
  "CPI": "154.9"
 },
 {
  "Yearmon": "01-03-1996",
  "CPI": "155.7"
 },
 {
  "Yearmon": "01-04-1996",
  "CPI": "156.3"
 },
 {
  "Yearmon": "01-05-1996",
  "CPI": "156.6"
 },
 {
  "Yearmon": "01-06-1996",
  "CPI": "156.7"
 },
 {
  "Yearmon": "01-07-1996",
  "CPI": 157
 },
 {
  "Yearmon": "01-08-1996",
  "CPI": "157.3"
 },
 {
  "Yearmon": "01-09-1996",
  "CPI": "157.8"
 },
 {
  "Yearmon": "01-10-1996",
  "CPI": "158.3"
 },
 {
  "Yearmon": "01-11-1996",
  "CPI": "158.6"
 },
 {
  "Yearmon": "01-12-1996",
  "CPI": "158.6"
 },
 {
  "Yearmon": "01-01-1997",
  "CPI": "159.1"
 },
 {
  "Yearmon": "01-02-1997",
  "CPI": "159.6"
 },
 {
  "Yearmon": "01-03-1997",
  "CPI": 160
 },
 {
  "Yearmon": "01-04-1997",
  "CPI": "160.2"
 },
 {
  "Yearmon": "01-05-1997",
  "CPI": "160.1"
 },
 {
  "Yearmon": "01-06-1997",
  "CPI": "160.3"
 },
 {
  "Yearmon": "01-07-1997",
  "CPI": "160.5"
 },
 {
  "Yearmon": "01-08-1997",
  "CPI": "160.8"
 },
 {
  "Yearmon": "01-09-1997",
  "CPI": "161.2"
 },
 {
  "Yearmon": "01-10-1997",
  "CPI": "161.6"
 },
 {
  "Yearmon": "01-11-1997",
  "CPI": "161.5"
 },
 {
  "Yearmon": "01-12-1997",
  "CPI": "161.3"
 },
 {
  "Yearmon": "01-01-1998",
  "CPI": "161.6"
 },
 {
  "Yearmon": "01-02-1998",
  "CPI": "161.9"
 },
 {
  "Yearmon": "01-03-1998",
  "CPI": "162.2"
 },
 {
  "Yearmon": "01-04-1998",
  "CPI": "162.5"
 },
 {
  "Yearmon": "01-05-1998",
  "CPI": "162.8"
 },
 {
  "Yearmon": "01-06-1998",
  "CPI": 163
 },
 {
  "Yearmon": "01-07-1998",
  "CPI": "163.2"
 },
 {
  "Yearmon": "01-08-1998",
  "CPI": "163.4"
 },
 {
  "Yearmon": "01-09-1998",
  "CPI": "163.6"
 },
 {
  "Yearmon": "01-10-1998",
  "CPI": 164
 },
 {
  "Yearmon": "01-11-1998",
  "CPI": 164
 },
 {
  "Yearmon": "01-12-1998",
  "CPI": "163.9"
 },
 {
  "Yearmon": "01-01-1999",
  "CPI": "164.3"
 },
 {
  "Yearmon": "01-02-1999",
  "CPI": "164.5"
 },
 {
  "Yearmon": "01-03-1999",
  "CPI": 165
 },
 {
  "Yearmon": "01-04-1999",
  "CPI": "166.2"
 },
 {
  "Yearmon": "01-05-1999",
  "CPI": "166.2"
 },
 {
  "Yearmon": "01-06-1999",
  "CPI": "166.2"
 },
 {
  "Yearmon": "01-07-1999",
  "CPI": "166.7"
 },
 {
  "Yearmon": "01-08-1999",
  "CPI": "167.1"
 },
 {
  "Yearmon": "01-09-1999",
  "CPI": "167.9"
 },
 {
  "Yearmon": "01-10-1999",
  "CPI": "168.2"
 },
 {
  "Yearmon": "01-11-1999",
  "CPI": "168.3"
 },
 {
  "Yearmon": "01-12-1999",
  "CPI": "168.3"
 },
 {
  "Yearmon": "01-01-2000",
  "CPI": "168.8"
 },
 {
  "Yearmon": "01-02-2000",
  "CPI": "169.8"
 },
 {
  "Yearmon": "01-03-2000",
  "CPI": "171.2"
 },
 {
  "Yearmon": "01-04-2000",
  "CPI": "171.3"
 },
 {
  "Yearmon": "01-05-2000",
  "CPI": "171.5"
 },
 {
  "Yearmon": "01-06-2000",
  "CPI": "172.4"
 },
 {
  "Yearmon": "01-07-2000",
  "CPI": "172.8"
 },
 {
  "Yearmon": "01-08-2000",
  "CPI": "172.8"
 },
 {
  "Yearmon": "01-09-2000",
  "CPI": "173.7"
 },
 {
  "Yearmon": "01-10-2000",
  "CPI": 174
 },
 {
  "Yearmon": "01-11-2000",
  "CPI": "174.1"
 },
 {
  "Yearmon": "01-12-2000",
  "CPI": 174
 },
 {
  "Yearmon": "01-01-2001",
  "CPI": "175.1"
 },
 {
  "Yearmon": "01-02-2001",
  "CPI": "175.8"
 },
 {
  "Yearmon": "01-03-2001",
  "CPI": "176.2"
 },
 {
  "Yearmon": "01-04-2001",
  "CPI": "176.9"
 },
 {
  "Yearmon": "01-05-2001",
  "CPI": "177.7"
 },
 {
  "Yearmon": "01-06-2001",
  "CPI": 178
 },
 {
  "Yearmon": "01-07-2001",
  "CPI": "177.5"
 },
 {
  "Yearmon": "01-08-2001",
  "CPI": "177.5"
 },
 {
  "Yearmon": "01-09-2001",
  "CPI": "178.3"
 },
 {
  "Yearmon": "01-10-2001",
  "CPI": "177.7"
 },
 {
  "Yearmon": "01-11-2001",
  "CPI": "177.4"
 },
 {
  "Yearmon": "01-12-2001",
  "CPI": "176.7"
 },
 {
  "Yearmon": "01-01-2002",
  "CPI": "177.1"
 },
 {
  "Yearmon": "01-02-2002",
  "CPI": "177.8"
 },
 {
  "Yearmon": "01-03-2002",
  "CPI": "178.8"
 },
 {
  "Yearmon": "01-04-2002",
  "CPI": "179.8"
 },
 {
  "Yearmon": "01-05-2002",
  "CPI": "179.8"
 },
 {
  "Yearmon": "01-06-2002",
  "CPI": "179.9"
 },
 {
  "Yearmon": "01-07-2002",
  "CPI": "180.1"
 },
 {
  "Yearmon": "01-08-2002",
  "CPI": "180.7"
 },
 {
  "Yearmon": "01-09-2002",
  "CPI": 181
 },
 {
  "Yearmon": "01-10-2002",
  "CPI": "181.3"
 },
 {
  "Yearmon": "01-11-2002",
  "CPI": "181.3"
 },
 {
  "Yearmon": "01-12-2002",
  "CPI": "180.9"
 },
 {
  "Yearmon": "01-01-2003",
  "CPI": "181.7"
 },
 {
  "Yearmon": "01-02-2003",
  "CPI": "183.1"
 },
 {
  "Yearmon": "01-03-2003",
  "CPI": "184.2"
 },
 {
  "Yearmon": "01-04-2003",
  "CPI": "183.8"
 },
 {
  "Yearmon": "01-05-2003",
  "CPI": "183.5"
 },
 {
  "Yearmon": "01-06-2003",
  "CPI": "183.7"
 },
 {
  "Yearmon": "01-07-2003",
  "CPI": "183.9"
 },
 {
  "Yearmon": "01-08-2003",
  "CPI": "184.6"
 },
 {
  "Yearmon": "01-09-2003",
  "CPI": "185.2"
 },
 {
  "Yearmon": "01-10-2003",
  "CPI": 185
 },
 {
  "Yearmon": "01-11-2003",
  "CPI": "184.5"
 },
 {
  "Yearmon": "01-12-2003",
  "CPI": "184.3"
 },
 {
  "Yearmon": "01-01-2004",
  "CPI": "185.2"
 },
 {
  "Yearmon": "01-02-2004",
  "CPI": "186.2"
 },
 {
  "Yearmon": "01-03-2004",
  "CPI": "187.4"
 },
 {
  "Yearmon": "01-04-2004",
  "CPI": 188
 },
 {
  "Yearmon": "01-05-2004",
  "CPI": "189.1"
 },
 {
  "Yearmon": "01-06-2004",
  "CPI": "189.7"
 },
 {
  "Yearmon": "01-07-2004",
  "CPI": "189.4"
 },
 {
  "Yearmon": "01-08-2004",
  "CPI": "189.5"
 },
 {
  "Yearmon": "01-09-2004",
  "CPI": "189.9"
 },
 {
  "Yearmon": "01-10-2004",
  "CPI": "190.9"
 },
 {
  "Yearmon": "01-11-2004",
  "CPI": 191
 },
 {
  "Yearmon": "01-12-2004",
  "CPI": "190.3"
 },
 {
  "Yearmon": "01-01-2005",
  "CPI": "190.7"
 },
 {
  "Yearmon": "01-02-2005",
  "CPI": "191.8"
 },
 {
  "Yearmon": "01-03-2005",
  "CPI": "193.3"
 },
 {
  "Yearmon": "01-04-2005",
  "CPI": "194.6"
 },
 {
  "Yearmon": "01-05-2005",
  "CPI": "194.4"
 },
 {
  "Yearmon": "01-06-2005",
  "CPI": "194.5"
 },
 {
  "Yearmon": "01-07-2005",
  "CPI": "195.4"
 },
 {
  "Yearmon": "01-08-2005",
  "CPI": "196.4"
 },
 {
  "Yearmon": "01-09-2005",
  "CPI": "198.8"
 },
 {
  "Yearmon": "01-10-2005",
  "CPI": "199.2"
 },
 {
  "Yearmon": "01-11-2005",
  "CPI": "197.6"
 },
 {
  "Yearmon": "01-12-2005",
  "CPI": "196.8"
 },
 {
  "Yearmon": "01-01-2006",
  "CPI": "198.3"
 },
 {
  "Yearmon": "01-02-2006",
  "CPI": "198.7"
 },
 {
  "Yearmon": "01-03-2006",
  "CPI": "199.8"
 },
 {
  "Yearmon": "01-04-2006",
  "CPI": "201.5"
 },
 {
  "Yearmon": "01-05-2006",
  "CPI": "202.5"
 },
 {
  "Yearmon": "01-06-2006",
  "CPI": "202.9"
 },
 {
  "Yearmon": "01-07-2006",
  "CPI": "203.5"
 },
 {
  "Yearmon": "01-08-2006",
  "CPI": "203.9"
 },
 {
  "Yearmon": "01-09-2006",
  "CPI": "202.9"
 },
 {
  "Yearmon": "01-10-2006",
  "CPI": "201.8"
 },
 {
  "Yearmon": "01-11-2006",
  "CPI": "201.5"
 },
 {
  "Yearmon": "01-12-2006",
  "CPI": "201.8"
 },
 {
  "Yearmon": "01-01-2007",
  "CPI": 202416
 },
 {
  "Yearmon": "01-02-2007",
  "CPI": 203499
 },
 {
  "Yearmon": "01-03-2007",
  "CPI": 205352
 },
 {
  "Yearmon": "01-04-2007",
  "CPI": 206686
 },
 {
  "Yearmon": "01-05-2007",
  "CPI": 207949
 },
 {
  "Yearmon": "01-06-2007",
  "CPI": 208352
 },
 {
  "Yearmon": "01-07-2007",
  "CPI": 208299
 },
 {
  "Yearmon": "01-08-2007",
  "CPI": 207917
 },
 {
  "Yearmon": "01-09-2007",
  "CPI": "208.49"
 },
 {
  "Yearmon": "01-10-2007",
  "CPI": 208936
 },
 {
  "Yearmon": "01-11-2007",
  "CPI": 210177
 },
 {
  "Yearmon": "01-12-2007",
  "CPI": 210036
 },
 {
  "Yearmon": "01-01-2008",
  "CPI": "211.08"
 },
 {
  "Yearmon": "01-02-2008",
  "CPI": 211693
 },
 {
  "Yearmon": "01-03-2008",
  "CPI": 213528
 },
 {
  "Yearmon": "01-04-2008",
  "CPI": 214823
 },
 {
  "Yearmon": "01-05-2008",
  "CPI": 216632
 },
 {
  "Yearmon": "01-06-2008",
  "CPI": 218815
 },
 {
  "Yearmon": "01-07-2008",
  "CPI": 219964
 },
 {
  "Yearmon": "01-08-2008",
  "CPI": 219086
 },
 {
  "Yearmon": "01-09-2008",
  "CPI": 218783
 },
 {
  "Yearmon": "01-10-2008",
  "CPI": 216573
 },
 {
  "Yearmon": "01-11-2008",
  "CPI": 212425
 },
 {
  "Yearmon": "01-12-2008",
  "CPI": 210228
 },
 {
  "Yearmon": "01-01-2009",
  "CPI": 211143
 },
 {
  "Yearmon": "01-02-2009",
  "CPI": 212193
 },
 {
  "Yearmon": "01-03-2009",
  "CPI": 212709
 },
 {
  "Yearmon": "01-04-2009",
  "CPI": "213.24"
 },
 {
  "Yearmon": "01-05-2009",
  "CPI": 213856
 },
 {
  "Yearmon": "01-06-2009",
  "CPI": 215693
 },
 {
  "Yearmon": "01-07-2009",
  "CPI": 215351
 },
 {
  "Yearmon": "01-08-2009",
  "CPI": 215834
 },
 {
  "Yearmon": "01-09-2009",
  "CPI": 215969
 },
 {
  "Yearmon": "01-10-2009",
  "CPI": 216177
 },
 {
  "Yearmon": "01-11-2009",
  "CPI": "216.33"
 },
 {
  "Yearmon": "01-12-2009",
  "CPI": 215949
 },
 {
  "Yearmon": "01-01-2010",
  "CPI": 216687
 },
 {
  "Yearmon": "01-02-2010",
  "CPI": 216741
 },
 {
  "Yearmon": "01-03-2010",
  "CPI": 217631
 },
 {
  "Yearmon": "01-04-2010",
  "CPI": 218009
 },
 {
  "Yearmon": "01-05-2010",
  "CPI": 218178
 },
 {
  "Yearmon": "01-06-2010",
  "CPI": 217965
 },
 {
  "Yearmon": "01-07-2010",
  "CPI": 218011
 },
 {
  "Yearmon": "01-08-2010",
  "CPI": 218312
 },
 {
  "Yearmon": "01-09-2010",
  "CPI": 218439
 },
 {
  "Yearmon": "01-10-2010",
  "CPI": 218711
 },
 {
  "Yearmon": "01-11-2010",
  "CPI": 218803
 },
 {
  "Yearmon": "01-12-2010",
  "CPI": 219179
 },
 {
  "Yearmon": "01-01-2011",
  "CPI": 220223
 },
 {
  "Yearmon": "01-02-2011",
  "CPI": 221309
 },
 {
  "Yearmon": "01-03-2011",
  "CPI": 223467
 },
 {
  "Yearmon": "01-04-2011",
  "CPI": 224906
 },
 {
  "Yearmon": "01-05-2011",
  "CPI": 225964
 },
 {
  "Yearmon": "01-06-2011",
  "CPI": 225722
 },
 {
  "Yearmon": "01-07-2011",
  "CPI": 225922
 },
 {
  "Yearmon": "01-08-2011",
  "CPI": 226545
 },
 {
  "Yearmon": "01-09-2011",
  "CPI": 226889
 },
 {
  "Yearmon": "01-10-2011",
  "CPI": 226421
 },
 {
  "Yearmon": "01-11-2011",
  "CPI": "226.23"
 },
 {
  "Yearmon": "01-12-2011",
  "CPI": 225672
 },
 {
  "Yearmon": "01-01-2012",
  "CPI": 226665
 },
 {
  "Yearmon": "01-02-2012",
  "CPI": 227663
 },
 {
  "Yearmon": "01-03-2012",
  "CPI": 229392
 },
 {
  "Yearmon": "01-04-2012",
  "CPI": 230085
 },
 {
  "Yearmon": "01-05-2012",
  "CPI": 229815
 },
 {
  "Yearmon": "01-06-2012",
  "CPI": 229478
 },
 {
  "Yearmon": "01-07-2012",
  "CPI": 229104
 },
 {
  "Yearmon": "01-08-2012",
  "CPI": 230379
 },
 {
  "Yearmon": "01-09-2012",
  "CPI": 231407
 },
 {
  "Yearmon": "01-10-2012",
  "CPI": 231317
 },
 {
  "Yearmon": "01-11-2012",
  "CPI": 230221
 },
 {
  "Yearmon": "01-12-2012",
  "CPI": 229601
 },
 {
  "Yearmon": "01-01-2013",
  "CPI": "230.28"
 },
 {
  "Yearmon": "01-02-2013",
  "CPI": 232166
 },
 {
  "Yearmon": "01-03-2013",
  "CPI": 232773
 },
 {
  "Yearmon": "01-04-2013",
  "CPI": 232531
 },
 {
  "Yearmon": "01-05-2013",
  "CPI": 232945
 },
 {
  "Yearmon": "01-06-2013",
  "CPI": 233504
 },
 {
  "Yearmon": "01-07-2013",
  "CPI": 233596
 },
 {
  "Yearmon": "01-08-2013",
  "CPI": 233877
 },
 {
  "Yearmon": "01-09-2013",
  "CPI": 234149
 },
 {
  "Yearmon": "01-10-2013",
  "CPI": 233546
 },
 {
  "Yearmon": "01-11-2013",
  "CPI": 233069
 },
 {
  "Yearmon": "01-12-2013",
  "CPI": 233049
 },
 {
  "Yearmon": "01-01-2014",
  "CPI": 233916
 },
 {
  "Yearmon": "01-02-2014",
  "CPI": 234781
 },
 {
  "Yearmon": "01-03-2014",
  "CPI": 236293
 },
 {
  "Yearmon": "01-04-2014",
  "CPI": 237072
 },
 {
  "Yearmon": "01-05-2014",
  "CPI": "237.9"
 },
 {
  "Yearmon": "01-06-2014",
  "CPI": 238343
 },
 {
  "Yearmon": "01-07-2014",
  "CPI": "238.25"
 },
 {
  "Yearmon": "01-08-2014",
  "CPI": 237852
 },
 {
  "Yearmon": "01-09-2014",
  "CPI": 238031
 },
 {
  "Yearmon": "01-10-2014",
  "CPI": 237433
 },
 {
  "Yearmon": "01-11-2014",
  "CPI": 236151
 },
 {
  "Yearmon": "01-12-2014",
  "CPI": 234812
 },
 {
  "Yearmon": "01-01-2015",
  "CPI": 233707
 },
 {
  "Yearmon": "01-02-2015",
  "CPI": 234722
 },
 {
  "Yearmon": "01-03-2015",
  "CPI": 236119
 },
 {
  "Yearmon": "01-04-2015",
  "CPI": 236599
 },
 {
  "Yearmon": "01-05-2015",
  "CPI": 237805
 },
 {
  "Yearmon": "01-06-2015",
  "CPI": 238638
 },
 {
  "Yearmon": "01-07-2015",
  "CPI": 238654
 },
 {
  "Yearmon": "01-08-2015",
  "CPI": 238316
 },
 {
  "Yearmon": "01-09-2015",
  "CPI": 237945
 },
 {
  "Yearmon": "01-10-2015",
  "CPI": 237838
 },
 {
  "Yearmon": "01-11-2015",
  "CPI": 237336
 },
 {
  "Yearmon": "01-12-2015",
  "CPI": 236525
 },
 {
  "Yearmon": "01-01-2016",
  "CPI": 236916
 },
 {
  "Yearmon": "01-02-2016",
  "CPI": 237111
 },
 {
  "Yearmon": "01-03-2016",
  "CPI": 238132
 },
 {
  "Yearmon": "01-04-2016",
  "CPI": 239261
 },
 {
  "Yearmon": "01-05-2016",
  "CPI": 240229
 },
 {
  "Yearmon": "01-06-2016",
  "CPI": 241018
 },
 {
  "Yearmon": "01-07-2016",
  "CPI": 240628
 },
 {
  "Yearmon": "01-08-2016",
  "CPI": 240849
 },
 {
  "Yearmon": "01-09-2016",
  "CPI": 241428
 },
 {
  "Yearmon": "01-10-2016",
  "CPI": 241729
 },
 {
  "Yearmon": "01-11-2016",
  "CPI": 241353
 },
 {
  "Yearmon": "01-12-2016",
  "CPI": 241432
 },
 {
  "Yearmon": "01-01-2017",
  "CPI": 242839
 },
 {
  "Yearmon": "01-02-2017",
  "CPI": 243603
 },
 {
  "Yearmon": "01-03-2017",
  "CPI": 243801
 },
 {
  "Yearmon": "01-04-2017",
  "CPI": 244524
 },
 {
  "Yearmon": "01-05-2017",
  "CPI": 244733
 },
 {
  "Yearmon": "01-06-2017",
  "CPI": 244955
 },
 {
  "Yearmon": "01-07-2017",
  "CPI": 244786
 },
 {
  "Yearmon": "01-08-2017",
  "CPI": 245519
 },
 {
  "Yearmon": "01-09-2017",
  "CPI": 246819
 },
 {
  "Yearmon": "01-10-2017",
  "CPI": 246663
 },
 {
  "Yearmon": "01-11-2017",
  "CPI": 246669
 },
 {
  "Yearmon": "01-12-2017",
  "CPI": 246524
 },
 {
  "Yearmon": "01-01-2018",
  "CPI": 247867
 },
 {
  "Yearmon": "01-02-2018",
  "CPI": 248991
 },
 {
  "Yearmon": "01-03-2018",
  "CPI": 249554
 },
 {
  "Yearmon": "01-04-2018",
  "CPI": 250546
 },
 {
  "Yearmon": "01-05-2018",
  "CPI": 251588
 },
 {
  "Yearmon": "01-06-2018",
  "CPI": 251989
 },
 {
  "Yearmon": "01-07-2018",
  "CPI": 252006
 },
 {
  "Yearmon": "01-08-2018",
  "CPI": 252146
 },
 {
  "Yearmon": "01-09-2018",
  "CPI": 252439
 },
 {
  "Yearmon": "01-10-2018",
  "CPI": 252885
 },
 {
  "Yearmon": "01-11-2018",
  "CPI": 252038
 },
 {
  "Yearmon": "01-12-2018",
  "CPI": 251233
 },
 {
  "Yearmon": "01-01-2019",
  "CPI": 251712
 },
 {
  "Yearmon": "01-02-2019",
  "CPI": 252776
 },
 {
  "Yearmon": "01-03-2019",
  "CPI": 254202
 },
 {
  "Yearmon": "01-04-2019",
  "CPI": 255548
 },
 {
  "Yearmon": "01-05-2019",
  "CPI": 256092
 },
 {
  "Yearmon": "01-06-2019",
  "CPI": 256143
 },
 {
  "Yearmon": "01-07-2019",
  "CPI": 256571
 },
 {
  "Yearmon": "01-08-2019",
  "CPI": 256558
 },
 {
  "Yearmon": "01-09-2019",
  "CPI": 256759
 },
 {
  "Yearmon": "01-10-2019",
  "CPI": 257346
 },
 {
  "Yearmon": "01-11-2019",
  "CPI": 257208
 },
 {
  "Yearmon": "01-12-2019",
  "CPI": 256974
 },
 {
  "Yearmon": "01-01-2020",
  "CPI": 257971
 },
 {
  "Yearmon": "01-02-2020",
  "CPI": 258678
 },
 {
  "Yearmon": "01-03-2020",
  "CPI": 258115
 },
 {
  "Yearmon": "01-04-2020",
  "CPI": 256389
 },
 {
  "Yearmon": "01-05-2020",
  "CPI": 256394
 },
 {
  "Yearmon": "01-06-2020",
  "CPI": 257797
 },
 {
  "Yearmon": "01-07-2020",
  "CPI": 259101
 },
 {
  "Yearmon": "01-08-2020",
  "CPI": 259918
 },
 {
  "Yearmon": "01-09-2020",
  "CPI": "260.28"
 },
 {
  "Yearmon": "01-10-2020",
  "CPI": 260.388
 },
 {
  "Yearmon": "01-11-2020",
  "CPI": 260.229
 },
 {
  "Yearmon": "01-12-2020",
  "CPI": 260.474
 },
 {
  "Yearmon": "01-01-2021",
  "CPI": 261.582
 },
 {
  "Yearmon": "01-02-2021",
  "CPI": 263.014
 },
 {
  "Yearmon": "01-03-2021",
  "CPI": 264.877
 },
 {
  "Yearmon": "01-04-2021",
  "CPI": 267.054
 },
 {
  "Yearmon": "01-05-2021",
  "CPI": 269.195
 },
 {
  "Yearmon": "01-06-2021",
  "CPI": 271.696
 },
 {
  "Yearmon": "01-07-2021",
  "CPI": 273.003
 }
]