[{"year":2013,"team":"Arizona Diamondbacks","nickname":"Diamondbacks","price":4.0,"size":14.0,"price_per_Ounce":0.0},{"year":2013,"team":"Atlanta Braves","nickname":"Braves","price":7.25,"size":16.0,"price_per_Ounce":0.0},{"year":2013,"team":"Baltimore Orioles","nickname":"Orioles","price":6.75,"size":18.0,"price_per_Ounce":0.0},{"year":2013,"team":"Boston Red Sox","nickname":"Red Sox","price":7.25,"size":12.0,"price_per_Ounce":0.0},{"year":2013,"team":"Chicago Cubs","nickname":"Cubs","price":7.25,"size":16.0,"price_per_Ounce":0.0},{"year":2013,"team":"Chicago White Sox","nickname":"White Sox","price":6.5,"size":16.0,"price_per_Ounce":0.0},{"year":2013,"team":"Cincinnati Reds","nickname":"Reds","price":5.5,"size":12.0,"price_per_Ounce":0.0},{"year":2013,"team":"Cleveland Indians","nickname":"Indians","price":4.0,"size":12.0,"price_per_Ounce":0.0},{"year":2013,"team":"Colorado Rockies","nickname":"Rockies","price":6.0,"size":16.0,"price_per_Ounce":0.0},{"year":2013,"team":"Detroit Tigers","nickname":"Tigers","price":5.0,"size":12.0,"price_per_Ounce":0.0},{"year":2013,"team":"Houston Astros","nickname":"Astros","price":5.0,"size":14.0,"price_per_Ounce":0.0},{"year":2013,"team":"Kansas City Royals","nickname":"Royals","price":6.5,"size":16.0,"price_per_Ounce":0.0},{"year":2013,"team":"Los Angeles Angels","nickname":"Angels","price":4.5,"size":16.0,"price_per_Ounce":0.0},{"year":2013,"team":"Los Angeles Dodgers","nickname":"Dodgers","price":6.25,"size":16.0,"price_per_Ounce":0.0},{"year":2013,"team":"Miami Marlins","nickname":"Marlins","price":8.0,"size":20.0,"price_per_Ounce":0.0},{"year":2013,"team":"Milwaukee Brewers","nickname":"Brewers","price":6.0,"size":16.0,"price_per_Ounce":0.0},{"year":2013,"team":"Minnesota Twins","nickname":"Twins","price":7.5,"size":20.0,"price_per_Ounce":0.0},{"year":2013,"team":"New York Mets","nickname":"Mets","price":5.75,"size":12.0,"price_per_Ounce":0.0},{"year":2013,"team":"New York Yankees","nickname":"Yankees","price":6.0,"size":12.0,"price_per_Ounce":0.0},{"year":2013,"team":"Oakland Athletics","nickname":"Athletics","price":5.0,"size":14.0,"price_per_Ounce":0.0},{"year":2013,"team":"Philadelphia Phillies","nickname":"Phillies","price":7.75,"size":21.0,"price_per_Ounce":0.0},{"year":2013,"team":"Pittsburgh Pirates","nickname":"Pirates","price":5.5,"size":16.0,"price_per_Ounce":0.0},{"year":2013,"team":"San Diego Padres","nickname":"Padres","price":5.0,"size":14.0,"price_per_Ounce":0.0},{"year":2013,"team":"San Francisco Giants","nickname":"Giants","price":6.75,"size":16.0,"price_per_Ounce":0.0},{"year":2013,"team":"Seattle Mariners","nickname":"Mariners","price":5.5,"size":12.0,"price_per_Ounce":0.0},{"year":2013,"team":"St. Louis Cardinals","nickname":"Cardinals","price":6.75,"size":12.0,"price_per_Ounce":0.0},{"year":2013,"team":"Tampa Bay Rays","nickname":"Rays","price":5.0,"size":12.0,"price_per_Ounce":0.0},{"year":2013,"team":"Texas Rangers","nickname":"Rangers","price":5.0,"size":16.0,"price_per_Ounce":0.0},{"year":2013,"team":"Toronto Blue Jays","nickname":"Blue Jays","price":7.34,"size":14.0,"price_per_Ounce":0.0},{"year":2013,"team":"Washington Nationals","nickname":"Nationals","price":8.25,"size":16.0,"price_per_Ounce":0.0},{"year":2013,"team":"MLB Average","nickname":"MLB Average","price":6.09,"size":15.0,"price_per_Ounce":0.0},{"year":2014,"team":"Arizona Diamondbacks","nickname":"Diamondbacks","price":4.0,"size":14.0,"price_per_Ounce":0.0},{"year":2014,"team":"Atlanta Braves","nickname":"Braves","price":7.25,"size":16.0,"price_per_Ounce":0.0},{"year":2014,"team":"Baltimore Orioles","nickname":"Orioles","price":6.75,"size":16.0,"price_per_Ounce":0.0},{"year":2014,"team":"Boston Red Sox","nickname":"Red Sox","price":7.75,"size":12.0,"price_per_Ounce":0.0},{"year":2014,"team":"Chicago Cubs","nickname":"Cubs","price":7.5,"size":16.0,"price_per_Ounce":0.0},{"year":2014,"team":"Chicago White Sox","nickname":"White Sox","price":6.5,"size":16.0,"price_per_Ounce":0.0},{"year":2014,"team":"Cincinnati Reds","nickname":"Reds","price":5.5,"size":12.0,"price_per_Ounce":0.0},{"year":2014,"team":"Cleveland Indians","nickname":"Indians","price":4.0,"size":12.0,"price_per_Ounce":0.0},{"year":2014,"team":"Colorado Rockies","nickname":"Rockies","price":6.0,"size":16.0,"price_per_Ounce":0.0},{"year":2014,"team":"Detroit Tigers","nickname":"Tigers","price":5.0,"size":12.0,"price_per_Ounce":0.0},{"year":2014,"team":"Houston Astros","nickname":"Astros","price":5.0,"size":14.0,"price_per_Ounce":0.0},{"year":2014,"team":"Kansas City Royals","nickname":"Royals","price":6.5,"size":16.0,"price_per_Ounce":0.0},{"year":2014,"team":"Los Angeles Angels","nickname":"Angels","price":4.5,"size":16.0,"price_per_Ounce":0.0},{"year":2014,"team":"Los Angeles Dodgers","nickname":"Dodgers","price":6.75,"size":20.0,"price_per_Ounce":0.0},{"year":2014,"team":"Miami Marlins","nickname":"Marlins","price":8.0,"size":16.0,"price_per_Ounce":0.0},{"year":2014,"team":"Milwaukee Brewers","nickname":"Brewers","price":6.0,"size":16.0,"price_per_Ounce":0.0},{"year":2014,"team":"Minnesota Twins","nickname":"Twins","price":7.5,"size":20.0,"price_per_Ounce":0.0},{"year":2014,"team":"New York Mets","nickname":"Mets","price":5.75,"size":12.0,"price_per_Ounce":0.0},{"year":2014,"team":"New York Yankees","nickname":"Yankees","price":6.0,"size":12.0,"price_per_Ounce":0.0},{"year":2014,"team":"Oakland Athletics","nickname":"Athletics","price":5.0,"size":12.0,"price_per_Ounce":0.0},{"year":2014,"team":"Philadelphia Phillies","nickname":"Phillies","price":7.75,"size":21.0,"price_per_Ounce":0.0},{"year":2014,"team":"Pittsburgh Pirates","nickname":"Pirates","price":5.5,"size":16.0,"price_per_Ounce":0.0},{"year":2014,"team":"San Diego Padres","nickname":"Padres","price":5.0,"size":14.0,"price_per_Ounce":0.0},{"year":2014,"team":"San Francisco Giants","nickname":"Giants","price":7.0,"size":14.0,"price_per_Ounce":0.0},{"year":2014,"team":"Seattle Mariners","nickname":"Mariners","price":6.0,"size":12.0,"price_per_Ounce":0.0},{"year":2014,"team":"St. Louis Cardinals","nickname":"Cardinals","price":6.75,"size":12.0,"price_per_Ounce":0.0},{"year":2014,"team":"Tampa Bay Rays","nickname":"Rays","price":5.0,"size":12.0,"price_per_Ounce":0.0},{"year":2014,"team":"Texas Rangers","nickname":"Rangers","price":5.0,"size":16.0,"price_per_Ounce":0.0},{"year":2014,"team":"Toronto Blue Jays","nickname":"Blue Jays","price":6.82,"size":14.0,"price_per_Ounce":0.0},{"year":2014,"team":"Washington Nationals","nickname":"Nationals","price":6.5,"size":16.0,"price_per_Ounce":0.0},{"year":2014,"team":"MLB Average","nickname":"MLB Average","price":6.09,"size":15.0,"price_per_Ounce":0.0},{"year":2015,"team":"Arizona Diamondbacks","nickname":"Diamondbacks","price":4.0,"size":14.0,"price_per_Ounce":0.0},{"year":2015,"team":"Atlanta Braves","nickname":"Braves","price":7.25,"size":16.0,"price_per_Ounce":0.0},{"year":2015,"team":"Baltimore Orioles","nickname":"Orioles","price":6.75,"size":16.0,"price_per_Ounce":0.0},{"year":2015,"team":"Boston Red Sox","nickname":"Red Sox","price":7.75,"size":12.0,"price_per_Ounce":0.0},{"year":2015,"team":"Chicago Cubs","nickname":"Cubs","price":7.5,"size":16.0,"price_per_Ounce":0.0},{"year":2015,"team":"Chicago White Sox","nickname":"White Sox","price":6.5,"size":16.0,"price_per_Ounce":0.0},{"year":2015,"team":"Cincinnati Reds","nickname":"Reds","price":5.5,"size":12.0,"price_per_Ounce":0.0},{"year":2015,"team":"Cleveland Indians","nickname":"Indians","price":4.0,"size":12.0,"price_per_Ounce":0.0},{"year":2015,"team":"Colorado Rockies","nickname":"Rockies","price":6.0,"size":16.0,"price_per_Ounce":0.0},{"year":2015,"team":"Detroit Tigers","nickname":"Tigers","price":5.0,"size":12.0,"price_per_Ounce":0.0},{"year":2015,"team":"Houston Astros","nickname":"Astros","price":5.0,"size":14.0,"price_per_Ounce":0.0},{"year":2015,"team":"Kansas City Royals","nickname":"Royals","price":6.5,"size":16.0,"price_per_Ounce":0.0},{"year":2015,"team":"Los Angeles Angels","nickname":"Angels","price":4.5,"size":16.0,"price_per_Ounce":0.0},{"year":2015,"team":"Los Angeles Dodgers","nickname":"Dodgers","price":6.75,"size":20.0,"price_per_Ounce":0.0},{"year":2015,"team":"Miami Marlins","nickname":"Marlins","price":8.0,"size":16.0,"price_per_Ounce":0.0},{"year":2015,"team":"Milwaukee Brewers","nickname":"Brewers","price":6.0,"size":16.0,"price_per_Ounce":0.0},{"year":2015,"team":"Minnesota Twins","nickname":"Twins","price":7.5,"size":20.0,"price_per_Ounce":0.0},{"year":2015,"team":"New York Mets","nickname":"Mets","price":5.75,"size":12.0,"price_per_Ounce":0.0},{"year":2015,"team":"New York Yankees","nickname":"Yankees","price":6.0,"size":12.0,"price_per_Ounce":0.0},{"year":2015,"team":"Oakland Athletics","nickname":"Athletics","price":5.0,"size":12.0,"price_per_Ounce":0.0},{"year":2015,"team":"Philadelphia Phillies","nickname":"Phillies","price":7.75,"size":21.0,"price_per_Ounce":0.0},{"year":2015,"team":"Pittsburgh Pirates","nickname":"Pirates","price":5.5,"size":16.0,"price_per_Ounce":0.0},{"year":2015,"team":"San Diego Padres","nickname":"Padres","price":5.0,"size":14.0,"price_per_Ounce":0.0},{"year":2015,"team":"San Francisco Giants","nickname":"Giants","price":7.0,"size":14.0,"price_per_Ounce":0.0},{"year":2015,"team":"Seattle Mariners","nickname":"Mariners","price":6.0,"size":12.0,"price_per_Ounce":0.0},{"year":2015,"team":"St. Louis Cardinals","nickname":"Cardinals","price":6.75,"size":12.0,"price_per_Ounce":0.0},{"year":2015,"team":"Tampa Bay Rays","nickname":"Rays","price":5.0,"size":12.0,"price_per_Ounce":0.0},{"year":2015,"team":"Texas Rangers","nickname":"Rangers","price":5.0,"size":16.0,"price_per_Ounce":0.0},{"year":2015,"team":"Toronto Blue Jays","nickname":"Blue Jays","price":6.82,"size":14.0,"price_per_Ounce":0.0},{"year":2015,"team":"Washington Nationals","nickname":"Nationals","price":6.5,"size":16.0,"price_per_Ounce":0.0},{"year":2015,"team":"MLB Average","nickname":"MLB Average","price":5.98,"size":15.0,"price_per_Ounce":0.0},{"year":2016,"team":"Arizona Diamondbacks","nickname":"Diamondbacks","price":4.0,"size":14.0,"price_per_Ounce":0.0},{"year":2016,"team":"Atlanta Braves","nickname":"Braves","price":7.75,"size":16.0,"price_per_Ounce":0.0},{"year":2016,"team":"Baltimore Orioles","nickname":"Orioles","price":6.75,"size":16.0,"price_per_Ounce":0.0},{"year":2016,"team":"Boston Red Sox","nickname":"Red Sox","price":7.75,"size":12.0,"price_per_Ounce":0.0},{"year":2016,"team":"Chicago Cubs","nickname":"Cubs","price":7.5,"size":16.0,"price_per_Ounce":0.0},{"year":2016,"team":"Chicago White Sox","nickname":"White Sox","price":6.5,"size":16.0,"price_per_Ounce":0.0},{"year":2016,"team":"Cincinnati Reds","nickname":"Reds","price":5.25,"size":14.0,"price_per_Ounce":0.0},{"year":2016,"team":"Cleveland Indians","nickname":"Indians","price":4.0,"size":12.0,"price_per_Ounce":0.0},{"year":2016,"team":"Colorado Rockies","nickname":"Rockies","price":3.0,"size":12.0,"price_per_Ounce":0.0},{"year":2016,"team":"Detroit Tigers","nickname":"Tigers","price":5.0,"size":12.0,"price_per_Ounce":0.0},{"year":2016,"team":"Houston Astros","nickname":"Astros","price":5.0,"size":14.0,"price_per_Ounce":0.0},{"year":2016,"team":"Kansas City Royals","nickname":"Royals","price":6.5,"size":16.0,"price_per_Ounce":0.0},{"year":2016,"team":"Los Angeles Angels","nickname":"Angels","price":4.5,"size":16.0,"price_per_Ounce":0.0},{"year":2016,"team":"Los Angeles Dodgers","nickname":"Dodgers","price":6.25,"size":20.0,"price_per_Ounce":0.0},{"year":2016,"team":"Miami Marlins","nickname":"Marlins","price":6.0,"size":12.0,"price_per_Ounce":0.0},{"year":2016,"team":"Milwaukee Brewers","nickname":"Brewers","price":6.0,"size":16.0,"price_per_Ounce":0.0},{"year":2016,"team":"Minnesota Twins","nickname":"Twins","price":7.5,"size":20.0,"price_per_Ounce":0.0},{"year":2016,"team":"New York Mets","nickname":"Mets","price":5.75,"size":12.0,"price_per_Ounce":0.0},{"year":2016,"team":"New York Yankees","nickname":"Yankees","price":6.0,"size":12.0,"price_per_Ounce":0.0},{"year":2016,"team":"Oakland Athletics","nickname":"Athletics","price":5.0,"size":12.0,"price_per_Ounce":0.0},{"year":2016,"team":"Philadelphia Phillies","nickname":"Phillies","price":7.75,"size":21.0,"price_per_Ounce":0.0},{"year":2016,"team":"Pittsburgh Pirates","nickname":"Pirates","price":5.5,"size":16.0,"price_per_Ounce":0.0},{"year":2016,"team":"San Diego Padres","nickname":"Padres","price":5.0,"size":14.0,"price_per_Ounce":0.0},{"year":2016,"team":"San Francisco Giants","nickname":"Giants","price":7.5,"size":14.0,"price_per_Ounce":0.0},{"year":2016,"team":"Seattle Mariners","nickname":"Mariners","price":6.0,"size":16.0,"price_per_Ounce":0.0},{"year":2016,"team":"St. Louis Cardinals","nickname":"Cardinals","price":5.0,"size":12.0,"price_per_Ounce":0.0},{"year":2016,"team":"Tampa Bay Rays","nickname":"Rays","price":5.0,"size":12.0,"price_per_Ounce":0.0},{"year":2016,"team":"Texas Rangers","nickname":"Rangers","price":6.0,"size":16.0,"price_per_Ounce":0.0},{"year":2016,"team":"Toronto Blue Jays","nickname":"Blue Jays","price":6.79,"size":14.0,"price_per_Ounce":0.0},{"year":2016,"team":"Washington Nationals","nickname":"Nationals","price":6.5,"size":16.0,"price_per_Ounce":0.0},{"year":2016,"team":"MLB Average","nickname":"MLB Average","price":5.9,"size":15.0,"price_per_Ounce":0.0},{"year":2018,"team":"Arizona Diamondbacks","nickname":"Diamondbacks","price":4.0,"size":14.0,"price_per_Ounce":0.0},{"year":2018,"team":"Atlanta Braves","nickname":"Braves","price":5.0,"size":12.0,"price_per_Ounce":0.0},{"year":2018,"team":"Baltimore Orioles","nickname":"Orioles","price":4.0,"size":12.0,"price_per_Ounce":0.0},{"year":2018,"team":"Boston Red Sox","nickname":"Red Sox","price":8.0,"size":12.0,"price_per_Ounce":0.0},{"year":2018,"team":"Chicago Cubs","nickname":"Cubs","price":9.0,"size":20.0,"price_per_Ounce":0.0},{"year":2018,"team":"Chicago White Sox","nickname":"White Sox","price":7.0,"size":16.0,"price_per_Ounce":0.0},{"year":2018,"team":"Cincinnati Reds","nickname":"Reds","price":6.25,"size":14.0,"price_per_Ounce":0.0},{"year":2018,"team":"Cleveland Indians","nickname":"Indians","price":5.0,"size":12.0,"price_per_Ounce":0.0},{"year":2018,"team":"Colorado Rockies","nickname":"Rockies","price":3.0,"size":12.0,"price_per_Ounce":0.0},{"year":2018,"team":"Detroit Tigers","nickname":"Tigers","price":5.0,"size":12.0,"price_per_Ounce":0.0},{"year":2018,"team":"Houston Astros","nickname":"Astros","price":6.0,"size":14.0,"price_per_Ounce":0.0},{"year":2018,"team":"Kansas City Royals","nickname":"Royals","price":4.0,"size":12.0,"price_per_Ounce":0.0},{"year":2018,"team":"Los Angeles Angels","nickname":"Angels","price":4.5,"size":12.0,"price_per_Ounce":0.0},{"year":2018,"team":"Los Angeles Dodgers","nickname":"Dodgers","price":6.25,"size":16.0,"price_per_Ounce":0.0},{"year":2018,"team":"Miami Marlins","nickname":"Marlins","price":6.0,"size":12.0,"price_per_Ounce":0.0},{"year":2018,"team":"Milwaukee Brewers","nickname":"Brewers","price":7.0,"size":16.0,"price_per_Ounce":0.0},{"year":2018,"team":"Minnesota Twins","nickname":"Twins","price":8.5,"size":20.0,"price_per_Ounce":0.0},{"year":2018,"team":"New York Mets","nickname":"Mets","price":10.5,"size":20.0,"price_per_Ounce":0.0},{"year":2018,"team":"New York Yankees","nickname":"Yankees","price":6.0,"size":12.0,"price_per_Ounce":0.0},{"year":2018,"team":"Oakland Athletics","nickname":"Athletics","price":5.5,"size":12.0,"price_per_Ounce":0.0},{"year":2018,"team":"Philadelphia Phillies","nickname":"Phillies","price":6.0,"size":12.0,"price_per_Ounce":0.0},{"year":2018,"team":"Pittsburgh Pirates","nickname":"Pirates","price":6.0,"size":16.0,"price_per_Ounce":0.0},{"year":2018,"team":"San Diego Padres","nickname":"Padres","price":5.0,"size":12.0,"price_per_Ounce":0.0},{"year":2018,"team":"San Francisco Giants","nickname":"Giants","price":8.25,"size":14.0,"price_per_Ounce":0.0},{"year":2018,"team":"Seattle Mariners","nickname":"Mariners","price":5.0,"size":12.0,"price_per_Ounce":0.0},{"year":2018,"team":"St. Louis Cardinals","nickname":"Cardinals","price":5.0,"size":12.0,"price_per_Ounce":0.0},{"year":2018,"team":"Tampa Bay Rays","nickname":"Rays","price":5.0,"size":12.0,"price_per_Ounce":0.0},{"year":2018,"team":"Texas Rangers","nickname":"Rangers","price":6.0,"size":16.0,"price_per_Ounce":0.0},{"year":2018,"team":"Toronto Blue Jays","nickname":"Blue Jays","price":5.67,"size":14.0,"price_per_Ounce":0.0},{"year":2018,"team":"Washington Nationals","nickname":"Nationals","price":7.0,"size":14.0,"price_per_Ounce":0.0},{"year":2018,"team":"MLB Average","nickname":"MLB Average","price":5.98,"size":14.0,"price_per_Ounce":0.0},{"year":0,"team":"string","nickname":"string","price":0.0,"size":0.0,"price_per_Ounce":0.0},{"year":2020,"team":"Arizona Diamondbacks","nickname":"Arizona","price":4.0,"size":15.0,"price_per_Ounce":3.75},{"year":2020,"team":"Arizona Diamondbacks","nickname":"Arizona","price":4.0,"size":15.0,"price_per_Ounce":3.75},{"year":2015,"team":"Arizona Diamondbacks","nickname":"Arizona","price":4.0,"size":30.0,"price_per_Ounce":7.5},{"year":214,"team":"Arizona Diamondbacks","nickname":"Arizona","price":24.0,"size":43.0,"price_per_Ounce":1.7916666666666667},{"year":2015,"team":"Arizona Diamondbacks","nickname":"Arizona","price":15.0,"size":500.0,"price_per_Ounce":33.333333333333336}]